FLaSHLogNumber,Project,GearType,Year,Month,Date,Station,SerialNumber,Species,Time,Depth,TempSurf,CondSurf,PPTSurf,TempBott,CondBott,PPTBott,Secchi,Turbidity,TotalBodyWeight,GutContents,ForkLength,TotalGutContentWeight,FullnessRank,DigestionRank,Debris (sand/silt/mud),Stomach/Gut Tissue,Unid animal material,Unid plant material,Worm pieces
1,STN,TWNET,2011,8,8/25/2011,602,1076,Delta Smelt,9:57,2.4,20.3,8160,4.51,20.3,8100,4.47,17,47.9,0.6265,Y,47,0.008,,,,1,,,
2,STN,TWNET,2011,8,8/25/2011,602,1081,Delta Smelt,9:57,2.4,20.3,8160,4.51,20.3,8100,4.47,17,47.9,0.4112,Y,39,0.0038,,,,1,,,
5,STN,TWNET,2011,8,8/25/2011,602,1062,Delta Smelt,9:57,2.4,20.3,8160,4.51,20.3,8100,4.47,17,47.9,0.9155,Y,52,0.0065,,,,,,1,
35,FMWT,MWT,2011,9,9/8/2011,413,1110,Delta Smelt,12:14,8.5,20,7380,4.05,,8200,4.53,38,77,1.1626,Y,52,0.0166,,,,,1,,
38,STN,TWNET,2011,8,8/23/2011,716,1393,Delta Smelt,8:08,10.4,20.6,163,0.07,20,163,0.07,35,29.5,0.5529,Y,43,0.0029,,,,,1,,
40,STN,TWNET,2011,8,8/23/2011,716,1372,Delta Smelt,8:08,10.4,20.6,163,0.07,20,163,0.07,35,29.5,0.4458,Y,40,0.0033,,,,,1,,
44,STN,TWNET,2011,8,8/23/2011,797,1487,Delta Smelt,14:48,10.7,25.5,629,0.29,22.7,628,0.29,27,35.9,0.9798,Y,52,0.0025,,,,1,1,,
50,STN,TWNET,2011,8,8/23/2011,716,1400,Delta Smelt,8:08,10.4,20.6,163,0.07,20,163,0.07,35,29.5,0.2622,Y,34,0.0009,,,,,1,,
58,STN,TWNET,2011,8,8/23/2011,716,1378A,Delta Smelt,8:08,10.4,20.6,163,0.07,20,163,0.07,35,29.5,0.385,Y,,,,,1,,1,,
59,STN,TWNET,2011,8,8/23/2011,716,1385,Delta Smelt,8:08,10.4,20.6,163,0.07,20,163,0.07,35,29.5,0.568,Y,41,,,,,,,1,
60,STN,TWNET,2011,8,8/23/2011,716,1364,Delta Smelt,8:08,10.4,20.6,163,0.07,20,163,0.07,35,29.5,0.6131,Y,43,0.0029,,,,,1,,
62,FMWT,MWT,2011,9,9/8/2011,504,1121,Delta Smelt,15:06,16.2,20.6,5120,2.73,,7370,4.04,39,61.7,1.072,Y,54,0.0112,,,,,1,,
67,STN,TWNET,2011,8,8/23/2011,716,1378B,Delta Smelt,8:08,10.4,20.6,163,0.07,20,163,0.07,35,29.5,0.5313,Y,,0.0013,,,,,1,1,
69,STN,TWNET,2011,8,8/23/2011,716,1390,Delta Smelt,8:08,10.4,20.6,163,0.07,20,163,0.07,35,29.5,0.426,Y,40,0.001,,,,1,,,
70,STN,TWNET,2011,8,8/23/2011,716,1401,Delta Smelt,8:08,10.4,20.6,163,0.07,20,163,0.07,35,29.5,0.7155,Y,48,0.0066,,,,,1,,
73,STN,TWNET,2011,8,8/23/2011,716,1397,Delta Smelt,8:08,10.4,20.6,163,0.07,20,163,0.07,35,29.5,0.5564,Y,41,0.0013,,,,,1,,
84,STN,TWNET,2011,8,8/25/2011,418,1084,Delta Smelt,10:58,8.2,20.8,13250,7.61,20.4,14210,8.21,46,19.9,1.1814,Y,54,0.003,,,,1,,1,
87,FMWT,MWT,2011,9,9/13/2011,507,1298,Delta Smelt,11:29,11.9,20.5,700,0.32,,1971,0.98,47,48.4,1.5978,Y,59,0.0099,,,1,1,,,
88,FMWT,MWT,2011,9,9/13/2011,519,1259,Delta Smelt,10:07,1.5,19.6,2244,1.13,,2263,1.14,20,91.4,0.8046,Y,47,,,,,,1,,
93,FMWT,MWT,2011,9,9/13/2011,518,1254,Delta Smelt,9:41,2.4,19.9,2140,1.07,,2252,1.13,21,85,1.0704,Y,53,0.003,,,,1,1,,
94,FMWT,MWT,2011,9,9/13/2011,519,1263,Delta Smelt,10:07,1.5,19.6,2244,1.13,,2263,1.14,20,91.4,0.4255,Y,38,0.0023,,,1,,,,
97,FMWT,MWT,2011,9,9/13/2011,519,1258,Delta Smelt,10:07,1.5,19.6,2244,1.13,,2263,1.14,20,91.4,0.5695,Y,42,0.0028,,,,,1,,
99,FMWT,MWT,2011,9,9/13/2011,518,1255,Delta Smelt,9:41,2.4,19.9,2140,1.07,,2252,1.13,21,85,1.5013,Y,58,,,,,,1,,
105,FMWT,MWT,2011,9,9/13/2011,507,1297,Delta Smelt,11:29,11.9,20.5,700,0.32,,1971,0.98,47,48.4,1.8997,Y,63,0.0083,,,,,1,1,
106,FMWT,MWT,2011,9,9/13/2011,516,1229,Delta Smelt,8:54,4.6,19.6,4021,2.11,,4069,2.13,31,111,0.5969,Y,42,,,,,1,,,
109,FMWT,MWT,2011,9,9/13/2011,507,1299,Delta Smelt,11:29,11.9,20.5,700,0.32,,1971,0.98,47,48.4,4.3996,Y,78,0.0411,,,,,1,,
112,FMWT,MWT,2011,10,10/7/2011,507,2401,Delta Smelt,12:18,11.3,18.8,576,0.26,,915,0.43,33,35.2,1.2154,Y,53,0.0075,,,1,,,,
114,FMWT,MWT,2011,10,10/7/2011,507,2405,Delta Smelt,12:18,11.3,18.8,576,0.26,,915,0.43,33,35.2,,Y,62,0.0024,,,1,,1,,
115,FMWT,MWT,2011,10,10/7/2011,507,2392,Delta Smelt,12:18,11.3,18.8,576,0.26,,915,0.43,33,35.2,1.5336,Y,61,0.0054,,,,,,1,
128,FMWT,MWT,2011,10,10/7/2011,507,2394,Delta Smelt,12:18,11.3,18.8,576,0.26,,915,0.43,33,35.2,1.823,Y,60,0.0099,,,,,,1,
132,FMWT,MWT,2011,10,10/7/2011,509,2373,Delta Smelt,10:41,16.5,18.2,377,0.17,,435,0.19,57,18.1,1.2267,Y,55,0.0037,,,,,1,,
138,FMWT,MWT,2011,10,10/7/2011,507,2407,Delta Smelt,12:18,11.3,18.8,576,0.26,,915,0.43,33,35.2,1.4018,Y,56,0.009,,,,,1,1,
140,FMWT,MWT,2011,10,10/7/2011,510,2367,Delta Smelt,10:18,13.4,17.9,206,0.09,,318,0.14,62,10.8,1.6551,Y,63,0.0036,,,,,,1,
141,FMWT,MWT,2011,10,10/7/2011,507,2390,Delta Smelt,12:18,11.3,18.8,576,0.26,,915,0.43,33,35.2,1.3435,Y,57,,,,,,1,,
145,FMWT,MWT,2011,12,12/12/2011,706,3321,Delta Smelt,13:06,9.8,9.4,211,0.09,,264,0.11,83,10.5,1.729,Y,62,0.0432,,,1,,,,
146,FMWT,MWT,2011,12,12/12/2011,706,3325,Delta Smelt,13:06,9.8,9.4,211,0.09,,264,0.11,83,10.5,1.7102,Y,61,0.0046,,,,1,,,
147,FMWT,MWT,2011,12,12/9/2011,519,3251,Delta Smelt,9:20,3,9.6,9390,5.25,,10250,5.77,62,16.7,1.7291,Y,60,0.0151,,,,,,,1
149,FMWT,MWT,2011,12,12/12/2011,703,3427,Delta Smelt,14:51,12.5,9.7,4268,2.25,,5860,3.16,48,30.9,1.1177,Y,57,0.0127,,,,,1,,
156,FMWT,MWT,2011,10,10/7/2011,519,2416,Delta Smelt,12:51,2.7,18.8,1628,0.8,,1599,0.78,40,28.8,1.0069,Y,53,0.0034,,,,,,1,
170,FMWT,MWT,2011,11,11/15/2011,704,2849,Delta Smelt,8:48,11.3,13.4,1988,0.99,,3068,1.58,48,21.3,1.3252,Y,54,0.0049,,,,,1,,
179,FMWT,MWT,2011,11,11/21/2011,797,3042,Delta Smelt,10:44,10.4,12.5,527,0.24,,544,0.25,21,75.5,1.9727,Y,59,0.0102,,,,,1,,
187,FMWT,MWT,2011,12,12/8/2011,606,3217,Delta Smelt,13:28,8.5,10.1,12380,7.07,,12580,7.2,41,23,1.7507,Y,63,0.0676,,,,,1,,
198,FMWT,MWT,2011,11,11/21/2011,797,3040,Delta Smelt,10:44,10.4,12.5,527,0.24,,544,0.25,21,75.5,6.686,Y,87,0.0214,,,,,1,,
202,FMWT,MWT,2011,11,11/14/2011,518,2836,Delta Smelt,9:18,3,13.5,10290,5.79,,11970,6.82,72,13.7,1.6016,Y,56,0.0336,,,,,,1,
204,FMWT,MWT,2011,11,11/10/2011,601,2819,Delta Smelt,13:22,6.4,14.4,13990,8.07,,16770,9.83,66,13.5,1.162,Y,57,0.0049,,,,,1,1,
215,FMWT,MWT,2011,12,12/16/2011,719,2060,Delta Smelt,10:09,11,8.9,309,0.13,,332,0.15,32,37.8,2.4303,Y,70,0.0106,,,,,1,,
218,FMWT,MWT,2011,12,12/16/2011,719,2064,Delta Smelt,10:09,11,8.9,309,0.13,,332,0.15,32,37.8,1.8818,Y,62,0.0047,,,1,,1,1,
223,FMWT,MWT,2011,12,12/9/2011,519,3253,Delta Smelt,9:20,3,9.6,9390,5.25,,10250,5.77,62,16.7,1.5082,Y,57,,,,1,,,,
224,FMWT,MWT,2011,12,12/9/2011,507,3264,Delta Smelt,9:57,8.5,9.8,7840,4.32,,12020,6.85,65,15.1,2.0733,Y,63,0.0258,,,,,,1,
229,FMWT,MWT,2011,12,12/12/2011,706,3320,Delta Smelt,13:06,9.8,9.4,211,0.09,,264,0.11,83,10.5,1.7669,Y,58,0.009,,,,,,1,
231,FMWT,MWT,2011,12,12/12/2011,703,3417,Delta Smelt,14:51,12.5,9.7,4268,2.25,,5860,3.16,48,30.9,1.7209,Y,63,0.0079,,,,,,1,
236,FMWT,MWT,2011,12,12/12/2011,706,3331,Delta Smelt,13:06,9.8,9.4,211,0.09,,264,0.11,83,10.5,2.0738,Y,64,0.0119,,,,,1,,
237,FMWT,MWT,2011,12,12/12/2011,706,3347,Delta Smelt,13:06,9.8,9.4,211,0.09,,264,0.11,83,10.5,2.03,Y,67,0.0038,,,,,1,,
239,FMWT,MWT,2011,12,12/12/2011,706,3341,Delta Smelt,13:06,9.8,9.4,211,0.09,,264,0.11,83,10.5,1.4855,Y,60,,,,,,1,,
244,FMWT,MWT,2011,12,12/12/2011,705,3365,Delta Smelt,13:40,11,9.3,700,0.32,,2161,1.08,91,11.6,2.8286,Y,72,0.0137,,,,1,,,
248,FMWT,MWT,2011,12,12/12/2011,704,3402,Delta Smelt,14:06,11.6,9.5,1233,0.59,,3142,1.62,82,12.3,2.0981,Y,66,0.0121,,,,,,1,
249,FMWT,MWT,2011,12,12/8/2011,606,3222,Delta Smelt,13:28,8.5,10.1,12380,7.07,,12580,7.2,41,23,2.0787,Y,60,0.0572,,,,,1,,
252,FMWT,MWT,2011,12,12/12/2011,705,3367,Delta Smelt,13:40,11,9.3,700,0.32,,2161,1.08,91,11.6,1.6084,Y,56,0.0029,,,,1,,,
253,FMWT,MWT,2011,12,12/12/2011,705,3378,Delta Smelt,13:40,11,9.3,700,0.32,,2161,1.08,91,11.6,1.7159,Y,62,0.0113,,,,,,,1
261,FMWT,MWT,2011,12,12/12/2011,705,3382,Delta Smelt,13:40,11,9.3,700,0.32,,2161,1.08,91,11.6,1.4006,Y,60,0.0048,,,,,1,,
262,FMWT,MWT,2011,12,12/12/2011,703,3421,Delta Smelt,14:51,12.5,9.7,4268,2.25,,5860,3.16,48,30.9,1.3454,Y,57,0.0061,,,1,,,,
263,FMWT,MWT,2011,12,12/12/2011,705,3364,Delta Smelt,13:40,11,9.3,700,0.32,,2161,1.08,91,11.6,2.11,Y,65,0.0069,,,,,1,,
264,FMWT,MWT,2011,12,12/12/2011,705,3381,Delta Smelt,13:40,11,9.3,700,0.32,,2161,1.08,91,11.6,1.2675,Y,60,0.0053,,,,,1,,
265,FMWT,MWT,2011,12,12/12/2011,705,3368,Delta Smelt,13:40,11,9.3,700,0.32,,2161,1.08,91,11.6,1.316,Y,58,0.0041,,,,,1,,
267,FMWT,MWT,2011,12,12/12/2011,703,3418,Delta Smelt,14:51,12.5,9.7,4268,2.25,,5860,3.16,48,30.9,1.1745,Y,54,,,,,,1,,
268,FMWT,MWT,2011,12,12/7/2011,502,3175,Delta Smelt,11:49,13.4,10.6,13570,7.81,,19970,11.88,72,10.6,0.9023,Y,50,0.0073,,,,,,,1
269,FMWT,MWT,2011,12,12/12/2011,705,3384,Delta Smelt,13:40,11,9.3,700,0.32,,2161,1.08,91,11.6,1.7949,Y,63,0.007,,,,,1,,
296,FMWT,MWT,2011,12,12/8/2011,606,3221,Delta Smelt,13:28,8.5,10.1,12380,7.07,,12580,7.2,41,23,1.6191,Y,60,,,,,,,1,
299,SKT,KT,2012,1,1/20/2012,501,4252,Delta Smelt,8:44,7,8.6,16540,9.68,,,,65,16,1.3157,Y,57,0.0126,,,1,,,,
309,SKT,KT,2012,1,1/18/2012,504,4063,Delta Smelt,12:34,8.2,8.9,16270,9.51,,,,67,13,1.7111,Y,62,0.0183,,,,,1,,
310,SKT,KT,2012,1,1/18/2012,504,4062,Delta Smelt,12:34,8.2,8.9,16270,9.51,,,,67,13,1.9245,Y,68,0.0272,,,,1,1,,
311,SKT,KT,2012,1,1/18/2012,504,4061,Delta Smelt,12:34,8.2,8.9,16270,9.51,,,,67,13,0.9514,Y,52,0.0119,,,,,1,,
318,SKT,KT,2012,1,1/18/2012,508,4071,Delta Smelt,13:05,18.9,9.2,11450,6.5,,,,77,12,1.505,Y,60,,,,,,,1,
320,SKT,KT,2012,1,1/18/2012,513,4007,Delta Smelt,11:35,21.6,9,11300,6.41,,,,74,13,1.4401,Y,60,,,,,,1,,
328,SKT,KT,2012,1,1/18/2012,519,4043,Delta Smelt,12:08,4,9.6,13720,7.9,,,,69,11,2.3001,Y,66,0.0224,,,,,1,,
329,SKT,KT,2012,1,1/18/2012,519,4051,Delta Smelt,12:08,4,9.6,13720,7.9,,,,69,11,3.0077,Y,73,0.0284,,,,,1,,
332,SKT,KT,2012,1,1/20/2012,520,4228,Delta Smelt,7:57,11.3,8.4,5270,2.82,,,,82,11,1.838,Y,64,0.0091,,,,,1,,1
334,SKT,KT,2012,1,1/20/2012,520,4229,Delta Smelt,7:57,11.3,8.4,5270,2.82,,,,82,11,1.3506,Y,62,0.0059,,,,,1,,
339,SKT,KT,2012,1,1/20/2012,520,4241,Delta Smelt,7:57,11.3,8.4,5270,2.82,,,,82,11,1.4597,Y,57,0.0073,,,,,,1,
345,SKT,KT,2012,1,1/20/2012,606,4259,Delta Smelt,12:47,9.4,8.5,11220,6.36,,,,48,18,1.4427,Y,60,0.0287,,,,,,1,
351,SKT,KT,2012,1,1/20/2012,606,4261,Delta Smelt,12:47,9.4,8.5,11220,6.36,,,,48,18,1.2289,Y,54,0.0105,,,,,,,1
359,SKT,KT,2012,1,1/20/2012,609,4314,Delta Smelt,13:31,10.7,8.5,6400,3.47,,,,50,24,2.6442,Y,69,,,,,,1,,
363,SKT,KT,2012,1,1/20/2012,609,4318,Delta Smelt,13:31,10.7,8.5,6400,3.47,,,,50,24,3.0371,Y,75,,,,,,1,,
371,SKT,KT,2012,1,1/19/2012,704,4079,Delta Smelt,7:35,10.7,8,1149,0.55,,,,80,10,1.8878,Y,63,0.0004,,,,,1,,
376,SKT,KT,2012,1,1/19/2012,706,4085,Delta Smelt,8:13,9.8,8.1,308,0.13,,,,82,11,2.5879,Y,71,0.0101,,,,,1,,
377,SKT,KT,2012,1,1/19/2012,706,4092,Delta Smelt,8:13,9.8,8.1,308,0.13,,,,82,11,1.7871,Y,63,0.0088,,,1,,,,
388,SKT,KT,2012,1,1/19/2012,713,4098,Delta Smelt,9:19,12.5,8.2,225,0.1,,,,63,11,2.2817,Y,68,0.0181,,,,,1,,
395,SKT,KT,2012,1,1/19/2012,716,4107,Delta Smelt,10:07,9.1,8.2,246,0.11,,,,81,12,2.029,Y,67,0.0258,,,,,,1,
399,SKT,KT,2012,1,1/19/2012,719,4123,Delta Smelt,10:48,11,7.8,362,0.16,,,,36,30,2.0307,Y,66,0.0105,,,,,,1,
401,SKT,KT,2012,1,1/19/2012,719,4160,Delta Smelt,10:48,11,7.8,362,0.16,,,,36,30,2.5937,Y,72,0.0107,,,,,,1,
406,SKT,KT,2012,1,1/19/2012,719,4210,Delta Smelt,10:48,11,7.8,362,0.16,,,,36,30,1.7917,Y,64,0.006,,,,,1,,
414,SKT,KT,2012,2,2/16/2012,340,4522,Delta Smelt,10:39,4.3,11.4,25710,15.66,,,,30,41,1.9666,Y,61,0.0105,,,,,1,,
415,SKT,KT,2012,2,2/16/2012,411,4519,Delta Smelt,9:25,4,10.6,12370,7.07,,,,38,24,2.5046,Y,68,,,,,,1,,
427,SKT,KT,2012,2,2/14/2012,519,4374,Delta Smelt,12:58,2.4,11.3,4762,2.53,,,,28,53,2.1024,Y,64,,,,,,,1,
433,SKT,KT,2012,2,2/16/2012,606,4526,Delta Smelt,12:50,7,11.6,4755,2.52,,,,25,80,2.165,Y,66,0.0414,,,,,,1,
447,SKT,KT,2012,2,2/16/2012,609,4553,Delta Smelt,13:51,9.1,11.1,2488,1.26,,,,20,57,1.6863,Y,61,0.0276,,,,,,1,
449,SKT,KT,2012,2,2/16/2012,609,4556,Delta Smelt,13:51,9.1,11.1,2488,1.26,,,,20,57,2.0453,Y,64,,,,,,,1,
453,SKT,KT,2012,1,1/18/2012,508,4066,Delta Smelt,13:05,18.9,9.2,11450,6.5,,,,77,12,2.0255,Y,64,0.0161,,,,,1,,
473,SKT,KT,2012,2,2/15/2012,716,4451,Delta Smelt,10:14,8.8,11.1,272,0.12,,,,49,22,2.4608,Y,73,,,,,,1,,
477,SKT,KT,2012,2,2/15/2012,719,4464,Delta Smelt,11:06,11.3,10.6,386,0.17,,,,36,31,2.1077,Y,68,,,,,,1,,
487,SKT,KT,2012,3,3/6/2012,513,4587,Delta Smelt,14:02,18.3,12,5630,3.02,,,,30,52,2.27,Y,67,,,,,,1,,
489,SKT,KT,2012,3,3/6/2012,513,4589,Delta Smelt,14:02,18.3,12,5630,3.02,,,,30,52,2.035,Y,63,,,,,,1,,
492,SKT,KT,2012,3,3/6/2012,513,4592,Delta Smelt,14:02,18.3,12,5630,3.02,,,,30,52,1.868,Y,65,0.0111,,,,,,1,
493,SKT,KT,2012,3,3/6/2012,513,4593,Delta Smelt,14:02,18.3,12,5630,3.02,,,,30,52,1.9506,Y,63,0.0181,,,1,,,,
494,SKT,KT,2012,3,3/6/2012,520,4594,Delta Smelt,15:11,13.4,12.2,4737,2.51,,,,45,27,2.5242,Y,70,0.0257,,,1,,1,,
495,SKT,KT,2012,3,3/6/2012,520,4595,Delta Smelt,15:11,13.4,12.2,4737,2.51,,,,45,27,2.1428,Y,64,0.024,,,,,1,,
496,SKT,KT,2012,3,3/6/2012,520,4596,Delta Smelt,15:11,13.4,12.2,4737,2.51,,,,45,27,2.2576,Y,65,0.0511,,,1,,1,,
497,SKT,KT,2012,3,3/8/2012,707,4597,Delta Smelt,8:45,9.1,10.8,233,0.1,,,,51,26,2.5142,Y,65,0.0088,,,,,,1,
500,SKT,KT,2012,3,3/8/2012,707,4600,Delta Smelt,8:45,9.1,10.8,233,0.1,,,,51,26,2.4298,Y,71,0.0125,,,,,,1,
501,SKT,KT,2012,3,3/8/2012,707,4601,Delta Smelt,8:45,9.1,10.8,233,0.1,,,,51,26,2.2669,Y,66,,,,,,1,,
502,SKT,KT,2012,3,3/8/2012,707,4605,Delta Smelt,8:45,9.1,10.8,233,0.1,,,,51,26,2.2851,Y,64,0.0143,,,1,,1,1,
507,SKT,KT,2012,3,3/8/2012,713,4613,Delta Smelt,9:31,11.6,10.7,274,0.12,,,,35,37,2.1534,Y,67,0.0111,,,,,1,,
509,SKT,KT,2012,3,3/8/2012,713,4621,Delta Smelt,9:31,11.6,10.7,274,0.12,,,,35,37,2.4666,Y,67,0.0263,,,,,,1,
516,SKT,KT,2012,3,3/8/2012,713,4628,Delta Smelt,9:31,11.6,10.7,274,0.12,,,,35,37,1.8901,Y,66,,,,,,,1,
517,SKT,KT,2012,3,3/8/2012,715,4640,Delta Smelt,9:53,11.9,10.9,315,0.14,,,,32,43,1.9781,Y,65,0.0135,,,,,1,,
518,SKT,KT,2012,3,3/8/2012,713,4635,Delta Smelt,9:31,11.6,10.7,274,0.12,,,,35,37,2.8582,Y,69,0.0109,,,,,,1,
521,SKT,KT,2012,3,3/8/2012,713,4627,Delta Smelt,9:31,11.6,10.7,274,0.12,,,,35,37,2.178,Y,69,,,,,,1,,
523,SKT,KT,2012,3,3/8/2012,715,4645,Delta Smelt,9:53,11.9,10.9,315,0.14,,,,32,43,2.4663,Y,67,0.009,,,,,,1,
527,SKT,KT,2012,3,3/8/2012,715,4653,Delta Smelt,9:53,11.9,10.9,315,0.14,,,,32,43,2.1167,Y,68,,,,,,,1,
528,SKT,KT,2012,3,3/8/2012,715,4657,Delta Smelt,9:53,11.9,10.9,315,0.14,,,,32,43,2.6595,Y,68,0.0159,,,,,,1,
529,SKT,KT,2012,3,3/8/2012,715,4661,Delta Smelt,9:53,11.9,10.9,315,0.14,,,,32,43,2.0696,Y,66,0.0095,,,,,1,,
533,SKT,KT,2012,3,3/8/2012,716,4676,Delta Smelt,10:34,10.1,11.1,365,0.16,,,,29,51,2.2707,Y,67,,,,,,1,,
542,SKT,KT,2012,3,3/8/2012,719,4709,Delta Smelt,11:41,10.1,11.9,554,0.25,,,,25,40,2.265,Y,64,0.0102,,,,,1,1,
555,SKT,KT,2012,3,3/6/2012,801,4584,Delta Smelt,13:21,7.6,12.4,210,0.09,,,,45,28,2.2407,Y,68,,,,,,,1,
558,SKT,KT,2012,3,3/6/2012,801,4586,Delta Smelt,13:21,7.6,12.4,210,0.09,,,,45,28,1.9142,Y,63,0.012,,,,,,1,
561,SKT,KT,2012,3,3/6/2012,804,4581,Delta Smelt,12:43,14,12.3,992,0.47,,,,40,26,2.5197,Y,72,,,,1,,1,,
563,SKT,KT,2012,3,3/6/2012,804,4582,Delta Smelt,12:43,14,12.3,992,0.47,,,,40,26,2.2982,Y,70,0.0262,,,1,,,,
568,FMWT,MWT,2011,12,12/12/2011,706,3342,Delta Smelt,13:06,9.8,9.4,211,0.09,,264,0.11,83,10.5,1.7968,Y,62,0.0084,,,,,1,,
579,SKT,KT,2012,1,1/18/2012,519,4018,Delta Smelt,12:08,4,9.6,13720,7.9,,,,69,11,2.5687,Y,67,0.0293,,,,,1,,
581,SKT,KT,2012,1,1/18/2012,519,4046,Delta Smelt,12:08,4,9.6,13720,7.9,,,,69,11,1.4516,Y,58,,,,,,1,,
582,SKT,KT,2012,1,1/18/2012,519,4037,Delta Smelt,12:08,4,9.6,13720,7.9,,,,69,11,1.8164,Y,65,0.012,,,,,,,1
583,SKT,KT,2012,1,1/18/2012,519,4010,Delta Smelt,12:08,4,9.6,13720,7.9,,,,69,11,1.801,Y,60,,,,,,1,,
587,SKT,KT,2012,1,1/20/2012,609,4288,Delta Smelt,13:31,10.7,8.5,6400,3.47,,,,50,24,2.4209,Y,70,,,,,,1,1,
595,SKT,KT,2012,2,2/14/2012,519,4332,Delta Smelt,12:58,2.4,11.3,4762,2.53,,,,28,53,1.8669,Y,63,,,,,,1,,
596,SKT,KT,2012,2,2/14/2012,519,4323,Delta Smelt,12:58,2.4,11.3,4762,2.53,,,,28,53,2.0366,Y,65,,,,,,1,,
602,SKT,KT,2012,2,2/15/2012,719,4490,Delta Smelt,11:06,11.3,10.6,386,0.17,,,,36,31,1.8045,Y,58,0.0126,,,,,1,,
606,SKT,KT,2012,4,4/5/2012,411,4962,Delta Smelt,7:56,6.1,12.8,1170,0.56,,,,20,117,2.4022,Y,66,,,,,,1,1,
611,SKT,KT,2012,4,4/3/2012,508,4907,Delta Smelt,11:42,12.8,13.2,232,0.1,,,,36,28,2.0479,Y,66,0.0098,,,,,1,,
618,SKT,KT,2012,4,4/3/2012,519,4910,Delta Smelt,12:20,2.7,13.7,318,0.14,,,,34,38,2.6152,Y,72,0.0237,,,,,1,,
619,SKT,KT,2012,4,4/3/2012,519,4909,Delta Smelt,12:20,2.7,13.7,318,0.14,,,,34,38,2.3153,Y,67,0.0249,,,,,1,,
621,SKT,KT,2012,4,4/3/2012,520,4912,Delta Smelt,13:40,12.8,13.8,240,0.1,,,,52,22,2.6475,Y,69,0.0204,,,1,,1,1,
626,SKT,KT,2012,4,4/5/2012,606,4984,Delta Smelt,11:32,7.9,13.8,3444,1.78,,,,20,95,2.3999,Y,66,,,,,,1,,
628,SKT,KT,2012,4,4/5/2012,606,4991,Delta Smelt,11:32,7.9,13.8,3444,1.78,,,,20,95,2.467,Y,69,0.0435,,,,,1,,
629,SKT,KT,2012,4,4/5/2012,606,4983,Delta Smelt,11:32,7.9,13.8,3444,1.78,,,,20,95,3.1034,Y,75,0.0255,,,,,1,,
640,SKT,KT,2012,4,4/4/2012,706,4916,Delta Smelt,7:26,9.4,12.5,174,0.07,,,,81,47,2.5664,Y,63,0.0072,,,1,,,,
644,SKT,KT,2012,4,4/4/2012,711,4957,Delta Smelt,12:57,4.9,13.4,128,0.05,,,,38,44,2.1089,Y,69,,,,1,,,1,
647,SKT,KT,2012,4,4/4/2012,715,4925,Delta Smelt,9:40,12.8,13.4,312,0.14,,,,34,42,2.9663,Y,72,0.0091,,,,,,1,
659,SKT,KT,2012,4,4/4/2012,719,4937,Delta Smelt,10:55,9.4,14.1,590,0.27,,,,37,26,2.4604,Y,70,0.02,,,,,1,,
660,SKT,KT,2012,4,4/3/2012,513,4898,Delta Smelt,10:56,12.8,13,198,0.08,,,,33,42,2.7502,Y,73,,,,,,1,,
667,SKT,KT,2012,4,4/5/2012,602,4979,Delta Smelt,10:58,1.8,12.7,913,0.43,,,,18,103,2.01,Y,66,0.0183,,,,,,1,
669,SKT,KT,2012,4,4/5/2012,606,4990,Delta Smelt,11:32,7.9,13.8,3444,1.78,,,,20,95,2.383,Y,72,,,,,,1,,
674,SKT,KT,2012,4,4/5/2012,609,5008,Delta Smelt,12:15,7.6,14.2,2419,1.22,,,,25,96,1.8384,Y,60,0.0329,,,,,1,,
679,SKT,KT,2012,4,4/5/2012,609,5028,Delta Smelt,12:15,7.6,14.2,2419,1.22,,,,25,96,2.6395,Y,72,,,,,,1,,
681,SKT,KT,2012,4,4/4/2012,715,4923,Delta Smelt,9:40,12.8,13.4,312,0.14,,,,34,42,2.426,Y,69,0.0098,,,1,,,,
693,SKT,KT,2012,4,4/4/2012,719,4954,Delta Smelt,10:55,9.4,14.1,590,0.27,,,,37,26,1.808,Y,62,,,,,,1,,
698,SKT,KT,2012,1,1/18/2012,519,4060,Delta Smelt,12:08,4,9.6,13720,7.9,,,,69,11,1.286,Y,55,,,,,,,,1
703,SKT,KT,2012,1,1/19/2012,719,4222,Delta Smelt,10:48,11,7.8,362,0.16,,,,36,30,1.2391,Y,55,0.0071,,,,,1,,
997,FMWT,MWT,2012,9,9/10/2012,416,5385,Delta Smelt,9:07,7.3,18.6,17690,10.41,,24400,14.79,68.00000072,11.89999962,0.6597,Y,46,0.0039,,,1,,,,
1003,FMWT,MWT,2012,10,10/11/2012,513,5657,Delta Smelt,9:04,13.4,17.9,3442,1.78,,4245,2.23,41.99999869,22.70000076,1.1799,Y,54,,,,1,,,,
1005,FMWT,MWT,2012,10,10/11/2012,513,5655,Delta Smelt,9:04,13.4,17.9,3442,1.78,,4245,2.23,41.99999869,22.70000076,0.9478,Y,51,0.0049,,,,,1,,
1008,FMWT,MWT,2012,10,10/15/2012,703,5712,Delta Smelt,8:45,11.3,17.7,205,0.09,,333,0.15,40.0000006,27.10000038,1.7157,Y,63,0.0142,3,3,,,1,,
1012,FMWT,MWT,2012,10,10/15/2012,703,5707,Delta Smelt,8:45,11.3,17.7,205,0.09,,333,0.15,40.0000006,27.10000038,1.6014,Y,57,0.0267,,,,,,1,
1019,FMWT,MWT,2012,10,10/18/2012,797,5835,Delta Smelt,10:13,10.4,19.2,592,0.27,,598,0.27,30.00000119,35.40000153,2.0543,Y,63,,4,3,,,1,,
1021,FMWT,MWT,2012,11,11/14/2012,703,5933,Delta Smelt,8:22,11.3,14.6,2935,1.5,,5560,2.98,55.00000119,18.29999924,2.7255,Y,69,0.0096,3,2,,,1,,
1025,FMWT,MWT,2012,11,11/14/2012,704,5937,Delta Smelt,8:47,10.1,14.7,3004,1.54,,4243,2.23,47.99999893,21.20000076,2.2811,Y,67,0.0164,3,3,,,1,,
1028,FMWT,MWT,2012,11,11/14/2012,705,5944,Delta Smelt,9:26,10.1,14.9,1460,0.71,,2039,1.02,55.00000119,20.20000076,1.9379,Y,62,0.0126,3,2,,,1,,
1031,FMWT,MWT,2012,12,12/5/2012,505,6086,Delta Smelt,13:32,12.8,13.7,1896,0.94,,1888,0.94,41.99999869,35,2.7453,Y,66,0.0104,1,4,,,1,,
1033,FMWT,MWT,2012,12,12/7/2012,517,6112,Delta Smelt,9:15,6.4,13.2,2467,1.25,,2568,1.3,23.99999946,47.20000076,1.5131,Y,59,0.0186,3,3,,,1,,
1037,FMWT,MWT,2012,12,12/6/2012,602,6100,Delta Smelt,10:04,1.8,13.9,5530,2.97,,5810,3.13,40.0000006,25.70000076,2.2616,Y,70,0.0195,4,3,1,,1,,
1038,FMWT,MWT,2012,12,12/12/2012,716,6188,Delta Smelt,13:36,12.5,11.5,206,0.09,,191,0.08,21.99999988,66.69999695,2.5083,Y,68,0.0449,4,3,1,,,,
1039,FMWT,MWT,2012,12,12/11/2012,719,6132,Delta Smelt,12:53,11.6,12.9,331,0.15,,322,0.14,21.99999988,70.90000153,2.6364,Y,72,0.0312,4,4,,,1,1,
1041,FMWT,MWT,2012,12,12/11/2012,797,6141,Delta Smelt,13:28,11.9,13.3,589,0.27,,556,0.25,18.99999976,71.30000305,1.8953,Y,63,0.0098,2,4,,,1,,
1042,SKT,KT,2013,1,1/8/2013,513,6206,Delta Smelt,12:34,15.8,7.7,338,0.15,,,,36,50,4.0681,Y,80,0.0338,4,2,,,1,,
1043,SKT,KT,2013,1,1/9/2013,707,6207,Delta Smelt,9:56,10.4,7.6,242,0.1,,,,47,36,4.0175,Y,73,,4,2,,,1,,
1044,SKT,KT,2013,1,1/9/2013,707,6208,Delta Smelt,9:56,10.4,7.6,242,0.1,,,,47,36,2.7519,Y,68,0.0802,4,3,,,1,,
1048,SKT,KT,2013,1,1/9/2013,719,6216,Delta Smelt,11:07,11,8.1,469,0.21,,,,22,74,3.4932,Y,80,0.0113,2,4,,,1,,
1050,SKT,KT,2013,1,1/9/2013,719,6218,Delta Smelt,11:07,11,8.1,469,0.21,,,,22,74,2.5856,Y,70,,2,4,,,1,,
1054,SKT,KT,2013,1,1/9/2013,719,6222,Delta Smelt,11:07,11,8.1,469,0.21,,,,22,74,2.6075,Y,73,0.007,3,2,,,1,,
1055,SKT,KT,2013,1,1/9/2013,719,6223,Delta Smelt,11:07,11,8.1,469,0.21,,,,22,74,1.4599,Y,60,0.01,4,4,,,1,,
1058,SKT,KT,2013,1,1/9/2013,719,6226,Delta Smelt,11:07,11,8.1,469,0.21,,,,22,74,3.0752,Y,74,0.0096,2,3,,,1,,
1059,SKT,KT,2013,1,1/9/2013,719,6227,Delta Smelt,11:07,11,8.1,469,0.21,,,,22,74,1.0987,Y,62,0.0026,2,3,,,1,1,
1060,SKT,KT,2013,1,1/9/2013,719,6230,Delta Smelt,11:07,11,8.1,469,0.21,,,,22,74,2.0066,Y,66,0.0088,2,4,,,1,,
1061,SKT,KT,2013,1,1/9/2013,719,6232,Delta Smelt,11:07,11,8.1,469,0.21,,,,22,74,2.7585,Y,75,0.0049,2,3,,,1,,
1063,SKT,KT,2013,1,1/9/2013,719,6234,Delta Smelt,11:07,11,8.1,469,0.21,,,,22,74,4.2496,Y,85,0.0156,2,4,,,1,,
1064,SKT,KT,2013,1,1/9/2013,719,6235,Delta Smelt,11:07,11,8.1,469,0.21,,,,22,74,1.8197,Y,65,0.0026,3,2,,,1,,
1065,SKT,KT,2013,1,1/9/2013,719,6236,Delta Smelt,11:07,11,8.1,469,0.21,,,,22,74,2.1201,Y,77,0.0153,4,2,,,1,,
1066,SKT,KT,2013,1,1/9/2013,719,6237,Delta Smelt,11:07,11,8.1,469,0.21,,,,22,74,2.7319,Y,74,0.0172,3,4,,,1,,
1075,SKT,KT,2013,1,1/9/2013,719,6253,Delta Smelt,11:07,11,8.1,469,0.21,,,,22,74,1.641,Y,61,0.009,3,4,,,1,,
1076,SKT,KT,2013,1,1/9/2013,716,6255,Delta Smelt,12:14,8.2,7.8,283,0.12,,,,32,41,1.8657,Y,60,0.0419,4,3,,,1,,
1078,SKT,KT,2013,1,1/9/2013,715,6257,Delta Smelt,12:45,14.9,7.8,237,0.1,,,,42,34,3.1216,Y,73,0.0707,4,3,,,1,,
1079,SKT,KT,2013,1,1/9/2013,715,6258,Delta Smelt,12:45,14.9,7.8,237,0.1,,,,42,34,1.9403,Y,64,,3,2,,,1,,
1086,SKT,KT,2013,1,1/10/2013,606,6268,Delta Smelt,9:36,8.8,7.7,2253,1.13,,,,15,123,2.6091,Y,69,0.0248,3,3,,,1,,
1088,SKT,KT,2013,1,1/10/2013,606,6273,Delta Smelt,9:36,8.8,7.7,2253,1.13,,,,15,123,1.8171,Y,69,,3,3,,,1,1,
1089,SKT,KT,2013,1,1/10/2013,606,6275,Delta Smelt,9:36,8.8,7.7,2253,1.13,,,,15,123,2.1538,Y,69,0.0108,2,3,,,1,,
1090,SKT,KT,2013,1,1/10/2013,606,6276,Delta Smelt,9:36,8.8,7.7,2253,1.13,,,,15,123,2.4726,Y,68,0.0216,3,3,,,1,1,
1093,SKT,KT,2013,1,1/10/2013,606,6279,Delta Smelt,9:36,8.8,7.7,2253,1.13,,,,15,123,3.7298,Y,78,0.0122,3,4,,,1,1,
1098,SKT,KT,2013,1,1/10/2013,606,6285,Delta Smelt,9:36,8.8,7.7,2253,1.13,,,,15,123,2.064,Y,65,0.0069,1,4,,,1,,
1099,SKT,KT,2013,1,1/10/2013,602,6287,Delta Smelt,10:25,3,8.1,4432,2.34,,,,25,122,2.6777,Y,72,0.0158,2,3,,,1,,
1100,SKT,KT,2013,1,1/10/2013,519,6288,Delta Smelt,14:10,3.7,8.3,1649,0.81,,,,27,64,2.4003,Y,69,0.0184,2,3,,,1,,
1101,SKT,KT,2013,2,2/7/2013,508,6196,Delta Smelt,8:05,14.3,9.9,568,0.26,,,,51,23,2.6469,Y,72,0.023,3,2,,,1,,
1104,SKT,KT,2013,1,1/10/2013,519,6289,Delta Smelt,14:10,3.7,8.3,1649,0.81,,,,27,64,1.9122,Y,62,,4,1,,,1,1,
1108,SKT,KT,2013,2,2/7/2013,606,6358,Delta Smelt,12:37,8.5,10,4587,2.43,,,,28,56,2.9711,Y,73,,4,3,,,1,,
1109,SKT,KT,2013,2,2/7/2013,606,6359,Delta Smelt,12:37,8.5,10,4587,2.43,,,,28,56,1.835,Y,63,,3,1,,,1,,
1110,SKT,KT,2013,2,2/7/2013,610,6386,Delta Smelt,13:50,5.5,10.6,2787,1.42,,,,24,63,2.827,Y,70,0.0374,3,4,,,1,,
1112,SKT,KT,2013,2,2/7/2013,610,6389,Delta Smelt,13:50,5.5,10.6,2787,1.42,,,,24,63,3.6705,Y,75,0.0194,4,3,,,1,,
1113,SKT,KT,2013,3,3/5/2013,508,6390,Delta Smelt,11:47,12.8,12.8,4618,2.44,,,,58,26,3.0988,Y,79,0.0409,4,4,,,1,,
1115,SKT,KT,2013,3,3/6/2013,704,6397,Delta Smelt,7:12,10.4,12,457,0.21,,,,58,17,2.7928,Y,75,0.0229,3,3,,,1,,
1117,SKT,KT,2013,3,3/6/2013,704,6399,Delta Smelt,7:12,10.4,12,457,0.21,,,,58,17,3.0284,Y,79,0.0146,4,2,,,1,,
1120,SKT,KT,2013,3,3/6/2013,704,6402,Delta Smelt,7:12,10.4,12,457,0.21,,,,58,17,2.2653,Y,75,0.0115,2,1,1,,,,
1124,SKT,KT,2013,3,3/6/2013,706,6406,Delta Smelt,7:37,9.4,12,292,0.13,,,,68,12,1.9862,Y,63,0.0056,1,4,,,1,,
1125,SKT,KT,2013,3,3/6/2013,706,6407,Delta Smelt,7:37,9.4,12,292,0.13,,,,68,12,2.8903,Y,72,0.0086,2,1,,,1,,
1127,SKT,KT,2013,3,3/6/2013,706,6409,Delta Smelt,7:37,9.4,12,292,0.13,,,,68,12,3.4915,Y,77,0.0175,1,3,,,1,,
1132,SKT,KT,2013,3,3/7/2013,519,6453,Delta Smelt,13:06,2.1,13.8,4509,2.38,,,,39,24,2.5048,Y,68,0.0152,3,4,,,,1,
1133,SKT,KT,2013,3,3/7/2013,606,6441,Delta Smelt,8:50,8.5,12.5,6960,3.8,,,,22,49,3.7054,Y,81,,4,4,,,1,,
1135,SKT,KT,2013,3,3/7/2013,606,6443,Delta Smelt,8:50,8.5,12.5,6960,3.8,,,,22,49,3.6938,Y,77,0.028,3,2,,,1,,
1136,SKT,KT,2013,3,3/7/2013,606,6444,Delta Smelt,8:50,8.5,12.5,6960,3.8,,,,22,49,2.2696,Y,70,0.0215,3,2,,,1,1,
1137,SKT,KT,2013,3,3/7/2013,606,6449,Delta Smelt,8:50,8.5,12.5,6960,3.8,,,,22,49,4.3268,Y,84,0.0458,3,3,,,1,,
1150,SKT,KT,2013,4,4/4/2013,704,6471,Delta Smelt,9:16,10.1,16.4,269,0.12,,,,72,14,2.5368,Y,70,,1,1,,,,1,
1151,SKT,KT,2013,4,4/4/2013,704,6472,Delta Smelt,9:16,10.1,16.4,269,0.12,,,,72,14,3.6336,Y,76,0.0025,1,2,,,1,,
1154,SKT,KT,2013,4,4/4/2013,704,6475,Delta Smelt,9:16,10.1,16.4,269,0.12,,,,72,14,3.7519,Y,76,0.0079,2,3,,,1,,
1155,SKT,KT,2013,4,4/4/2013,719,6476,Delta Smelt,9:47,10.4,16.4,476,0.21,,,,62,15,2.5726,Y,68,0.0151,2,3,,,,1,
1156,SKT,KT,2013,4,4/4/2013,716,6477,Delta Smelt,10:37,9.1,17,240,0.1,,,,75,15,3.6051,Y,65,0.0145,2,4,,,1,,
1160,SKT,KT,2013,2,2/7/2013,609,6362,Delta Smelt,13:15,9.8,10.4,3591,1.87,,,,18,81,3.3752,Y,75,0.0517,4,3,,,,1,
1163,SKT,KT,2013,5,5/1/2013,716,6641,Delta Smelt,10:58,7.9,18.9,207,0.09,,,,26,29,3.897,Y,80,0.0313,4,2,,,1,,
1164,SKT,KT,2013,2,2/7/2013,609,6371,Delta Smelt,13:15,9.8,10.4,3591,1.87,,,,18,81,2.7574,Y,72,0.0485,3,3,,,1,,
1165,SKT,KT,2013,2,2/7/2013,609,6373,Delta Smelt,13:15,9.8,10.4,3591,1.87,,,,18,81,3.1148,Y,72,0.0534,4,2,,,1,,
1166,SKT,KT,2013,2,2/7/2013,609,6374,Delta Smelt,13:15,9.8,10.4,3591,1.87,,,,18,81,2.5782,Y,68,0.0621,4,2,,,1,1,
1167,SKT,KT,2013,2,2/7/2013,609,6376,Delta Smelt,13:15,9.8,10.4,3591,1.87,,,,18,81,2.4621,Y,67,,3,3,,,1,,
1168,SKT,KT,2013,2,2/7/2013,609,6378,Delta Smelt,13:15,9.8,10.4,3591,1.87,,,,18,81,4.3722,Y,80,,4,2,,,1,,
1169,SKT,KT,2013,2,2/7/2013,609,6380,Delta Smelt,13:15,9.8,10.4,3591,1.87,,,,18,81,3.3518,Y,74,0.0443,3,3,,,1,,
1170,SKT,KT,2013,2,2/7/2013,609,6381,Delta Smelt,13:15,9.8,10.4,3591,1.87,,,,18,81,3.8548,Y,75,,4,3,,,1,1,
1177,SKT,KT,2013,2,2/6/2013,719,6327,Delta Smelt,9:31,9.4,9.5,529,0.24,,,,30,42,2.6837,Y,70,0.0079,1,1,,,,1,
1178,SKT,KT,2013,2,2/6/2013,719,6328,Delta Smelt,9:31,9.4,9.5,529,0.24,,,,30,42,2.1237,Y,63,0.0083,2,4,,,1,,
1181,SKT,KT,2013,3,3/6/2013,719,6416,Delta Smelt,9:14,11.3,12.2,428,0.19,,,,70,17,2.2042,Y,67,0.0051,1,4,,,1,,
1182,SKT,KT,2013,3,3/6/2013,719,6417,Delta Smelt,9:14,11.3,12.2,428,0.19,,,,70,17,1.5316,Y,62,0.0138,4,3,,,1,,
1184,SKT,KT,2013,3,3/6/2013,719,6421,Delta Smelt,9:14,11.3,12.2,428,0.19,,,,70,17,1.9462,Y,68,0.0126,3,2,,,1,,
1185,SKT,KT,2013,3,3/6/2013,719,6422,Delta Smelt,9:14,11.3,12.2,428,0.19,,,,70,17,3.5939,Y,79,0.0189,3,2,1,,1,,
1187,SKT,KT,2013,3,3/6/2013,719,6424,Delta Smelt,9:14,11.3,12.2,428,0.19,,,,70,17,2.2715,Y,73,0.0071,2,3,,,1,,
1193,SKT,KT,2013,5,5/2/2013,609,6458,Delta Smelt,9:18,9.8,18.8,8120,4.49,,,,26,38,3.3735,Y,80,0.0175,1,1,,,1,,
1194,SKT,KT,2013,5,5/2/2013,609,6459,Delta Smelt,9:18,9.8,18.8,8120,4.49,,,,26,38,4.7313,Y,84,,4,2,,,1,,
1196,SKT,KT,2013,5,5/1/2013,707,6637,Delta Smelt,9:05,6.1,17.9,764,0.36,,,,30,53,5.2167,Y,87,0.0256,2,3,,,1,,
1212,STN,TWNET,2013,6,6/12/2013,609,84,Delta Smelt,8:31,11,19.8,5925,3.2,,5560,2.98,23,,0.4761,Y,38,0.0023,1,3,,,1,,
1213,STN,TWNET,2013,6,6/12/2013,609,89,Delta Smelt,8:31,11,19.8,5925,3.2,,5560,2.98,23,,0.4902,Y,42,0.0071,2,3,,,1,,
1214,STN,TWNET,2013,6,6/12/2013,609,90,Delta Smelt,8:31,11,19.8,5925,3.2,,5560,2.98,23,,0.4358,Y,40,0.0044,3,2,,,1,1,
1215,STN,TWNET,2013,6,6/12/2013,609,91,Delta Smelt,8:31,11,19.8,5925,3.2,,5560,2.98,23,,0.5769,Y,42,0.0055,3,2,,,1,,
1216,STN,TWNET,2013,6,6/12/2013,609,92,Delta Smelt,8:31,11,19.8,5925,3.2,,5560,2.98,23,,0.2448,Y,32,0.0027,2,2,,,,1,
1217,STN,TWNET,2013,6,6/27/2013,609,125,Delta Smelt,8:18,8.2,21.1,8251,4.56,,8258,4.57,25,,0.5108,Y,42,,1,4,,,1,,
1218,STN,TWNET,2013,6,6/27/2013,609,128,Delta Smelt,8:18,8.2,21.1,8251,4.56,,8258,4.57,25,,0.5342,Y,43,0.0034,1,2,,,1,,
1219,STN,TWNET,2013,6,6/12/2013,610,71,Delta Smelt,7:16,4.3,20.1,6254,3.39,,6225,3.37,34,,0.2262,Y,32,0.0014,2,3,1,,1,,
1221,STN,TWNET,2013,6,6/27/2013,610,124,Delta Smelt,7:17,4.6,21.4,7675,4.22,,7674,4.22,30,,0.6924,Y,48,0.0039,1,2,,,1,,
1223,STN,TWNET,2013,6,6/10/2013,704,6,Delta Smelt,10:17,9.1,19.2,1466,0.71,,1682,0.83,27,,0.1255,Y,27,0.0015,1,1,1,,1,1,
1224,STN,TWNET,2013,6,6/10/2013,704,7,Delta Smelt,10:17,9.1,19.2,1466,0.71,,1682,0.83,27,,0.2842,Y,35,0.0034,1,2,,,1,1,
1225,STN,TWNET,2013,6,6/10/2013,704,9,Delta Smelt,10:17,9.1,19.2,1466,0.71,,1682,0.83,27,,0.1861,N,31,,0,,1,,,,
1227,STN,TWNET,2013,6,6/11/2013,719,47,Delta Smelt,9:54,11.3,21,408,0.18,,380,0.17,28,,0.1641,Y,30,,1,1,1,,,,
1239,SKT,KT,2012,5,5/1/2012,513,5038,Delta Smelt,10:47,18.6,18.3,185,0.08,,,,65,19,2.884,Y,74,0.0174,3,4,,,1,,
1240,SKT,KT,2012,5,5/1/2012,513,5042,Delta Smelt,10:47,18.6,18.3,185,0.08,,,,65,19,3.018,Y,72,0.0431,4,3,,,1,,1
1241,SKT,KT,2012,5,5/1/2012,513,5043,Delta Smelt,10:47,18.6,18.3,185,0.08,,,,65,19,3.7536,Y,78,,3,4,,,1,,
1242,SKT,KT,2012,5,5/1/2012,519,5048,Delta Smelt,11:34,5.2,18.4,937,0.44,,,,35,41,2.1142,Y,71,0.0108,3,3,,,1,,
1243,SKT,KT,2012,5,5/1/2012,519,5047,Delta Smelt,11:34,5.2,18.4,937,0.44,,,,35,41,2.1793,Y,69,0.0234,3,4,,,1,,
1244,SKT,KT,2012,5,5/1/2012,519,5049,Delta Smelt,11:34,5.2,18.4,937,0.44,,,,35,41,2.126,Y,67,0.0163,2,4,,,1,,
1246,SKT,KT,2012,5,5/1/2012,519,5052,Delta Smelt,11:34,5.2,18.4,937,0.44,,,,35,41,2.4153,Y,68,0.0036,2,4,,,1,,
1247,SKT,KT,2012,5,5/1/2012,520,5056,Delta Smelt,12:43,13.4,18.9,218,0.09,,,,55,13,2.5571,Y,70,,4,3,,,1,,
1248,SKT,KT,2012,5,5/1/2012,520,5060,Delta Smelt,12:43,13.4,18.9,218,0.09,,,,55,13,3.2345,Y,67,,4,2,,,1,,
1250,SKT,KT,2012,5,5/2/2012,704,5062,Delta Smelt,6:51,9.1,16.5,140,0.06,,,,65,16,1.9358,Y,65,,1,2,,,1,,
1252,SKT,KT,2012,5,5/2/2012,707,5066,Delta Smelt,7:53,9.1,16.5,139,0.06,,,,68,16,2.0844,Y,66,,1,4,,,1,,
1253,SKT,KT,2012,5,5/2/2012,713,5068,Delta Smelt,8:32,11.6,17.1,229,0.1,,,,58,21,2.6728,Y,68,0.0068,2,4,,,1,,
1255,SKT,KT,2012,5,5/2/2012,715,5071,Delta Smelt,8:56,12.2,17.4,290,0.13,,,,39,26,3.7914,Y,78,,3,3,,,1,,
1260,SKT,KT,2012,5,5/3/2012,411,5129,Delta Smelt,8:03,2.7,17.1,4263,2.24,,,,27,73,1.7094,N,63,,0,,,1,,,
1274,STN,TWNET,2012,6,6/12/2012,704,5183,Delta Smelt,14:56,7.9,21.1,580,0.26,22,739,0.34,41,25,0.6045,Y,42,0.0055,3,3,1,,,,
1277,STN,TWNET,2012,6,6/11/2012,719,5146,Delta Smelt,11:57,7.3,23.2,392,0.17,21.5,374,0.17,29,37.40000153,0.5174,Y,41,,3,4,1,,1,,
1278,STN,TWNET,2012,6,6/11/2012,719,5148,Delta Smelt,11:57,7.3,23.2,392,0.17,21.5,374,0.17,29,37.40000153,0.713,Y,44,0.0109,3,3,,,1,,
1280,STN,TWNET,2012,6,6/11/2012,721,5135,Delta Smelt,10:40,2.1,21.1,212,0.09,19.9,212,0.09,19,54.29999924,4.0209,Y,80,,4,2,,,1,,
1289,STN,TWNET,2012,6,6/11/2012,797,5156,Delta Smelt,12:42,9.8,23.1,694,0.32,22.3,696,0.32,24,40.70000076,0.3631,Y,36,0.0031,2,1,1,,,,
1292,STN,TWNET,2012,6,6/11/2012,797,5162,Delta Smelt,12:42,9.8,23.1,694,0.32,22.3,696,0.32,24,40.70000076,0.3999,Y,37,0.0046,3,3,,,1,,
1294,STN,TWNET,2012,8,8/8/2012,513,5301,Delta Smelt,9:04,12.5,20.7,2322,1.17,20.4,2308,1.16,44,23.60000038,0.5113,Y,41,0.005,3,3,,,1,,
1295,STN,TWNET,2012,8,8/9/2012,602,5311,Delta Smelt,10:57,1.2,21,9640,5.4,21.3,9760,5.47,37,31.20000076,0.1115,Y,29,,4,2,,,,1,
1296,STN,TWNET,2012,8,8/6/2012,721,5253,Delta Smelt,8:49,2.7,20,147,0.06,19.5,151,0.06,36,27.39999962,0.6804,Y,47,,1,0,,,1,,
1297,STN,TWNET,2012,8,8/6/2012,721,5254,Delta Smelt,8:49,2.7,20,147,0.06,19.5,151,0.06,36,27.39999962,0.8164,Y,42,0.0025,2,3,,,1,,
1301,STN,TWNET,2012,8,8/6/2012,797,5288,Delta Smelt,13:15,9.8,23.7,767,0.36,23.5,765,0.36,30,34.20000076,1.3935,Y,58,0.0096,2,3,,,1,,
1316,STN,TWNET,2013,6,6/11/2013,797,60,Delta Smelt,10:29,9.8,21.1,682,0.31,,384,0.17,23,,0.3705,Y,37,0.004,2,1,1,,1,,
1325,STN,TWNET,2013,7,7/10/2013,501,163,Delta Smelt,12:16,10.7,22.2,12472,7.13,,13378,7.69,44,,0.5079,Y,42,0.0042,2,1,,,,1,
1327,STN,TWNET,2013,7,7/10/2013,519,151,Delta Smelt,10:59,3,21,11517,6.54,,13940,8.04,19,,0.61,Y,45,0.0054,3,3,,,1,1,
1329,STN,TWNET,2013,7,7/10/2013,519,153,Delta Smelt,10:59,3,21,11517,6.54,,13940,8.04,19,,0.9534,N,53,0.002,1,1,,,1,1,
1330,STN,TWNET,2013,7,7/10/2013,519,155,Delta Smelt,10:59,3,21,11517,6.54,,13940,8.04,19,,0.3624,Y,39,0.0031,2,2,1,,1,1,
1335,STN,TWNET,2013,7,7/24/2013,519,220,Delta Smelt,10:48,2.4,20.5,12656,7.24,,14206,8.21,22,,0.9268,Y,52,0.0089,3,1,,,,1,
1336,STN,TWNET,2013,7,7/24/2013,519,225,Delta Smelt,10:48,2.4,20.5,12656,7.24,,14206,8.21,22,,0.9709,Y,53,0.004,3,2,,,1,,
1338,STN,TWNET,2013,7,7/11/2013,602,172,Delta Smelt,11:05,1.5,20.4,15729,9.17,,15704,9.15,18,,0.503,N,42,,0,,1,,,,
1339,STN,TWNET,2013,7,7/11/2013,602,173,Delta Smelt,11:05,1.5,20.4,15729,9.17,,15704,9.15,18,,0.5018,N,43,,0,,1,,,,
1340,STN,TWNET,2013,7,7/11/2013,602,175,Delta Smelt,11:05,1.5,20.4,15729,9.17,,15704,9.15,18,,1.2122,N,57,,0,,1,,,,
1342,STN,TWNET,2013,7,7/22/2013,719,198,Delta Smelt,12:40,9.8,23.3,512,0.23,,378,0.17,25,,0.749,Y,49,,4,1,,,1,,
1345,STN,TWNET,2013,7,7/8/2013,721,142,Delta Smelt,8:55,2.4,21.3,170,0.07,,172,0.07,42,,1.3664,Y,58,0.0117,4,3,,,1,,
1347,STN,TWNET,2013,8,8/21/2013,519,311,Delta Smelt,14:18,2.7,21.8,12236,6.98,,12249,6.99,18,,0.7606,Y,49,0.0032,1,1,1,,1,,
1348,STN,TWNET,2013,8,8/8/2013,602,260,Delta Smelt,11:07,1.2,19.2,15036,8.73,,15072,8.75,30,,0.5618,Y,44,,3,3,,,1,,
1350,STN,TWNET,2013,8,8/19/2013,719,294,Delta Smelt,12:46,10.4,25.8,507,0.23,,514,0.23,38,,0.2646,Y,32,0.003,3,3,,,1,,
1351,STN,TWNET,2013,8,8/19/2013,719,295,Delta Smelt,12:46,10.4,25.8,507,0.23,,514,0.23,38,,0.507,Y,42,,3,3,,,1,,
1352,STN,TWNET,2013,8,8/19/2013,719,304,Delta Smelt,12:46,10.4,25.8,507,0.23,,514,0.23,38,,0.7427,Y,48,0.0025,2,3,,,1,,
1353,STN,TWNET,2013,8,8/21/2013,804,309,Delta Smelt,8:11,9.8,20.9,4189,2.2,,4185,2.2,53,,0.5735,Y,43,0.0043,1,2,1,,,1,
1356,STN,TWNET,2013,8,8/19/2013,719,305,Delta Smelt,12:46,10.4,25.8,507,0.23,,514,0.23,38,,0.5746,Y,44,0.0045,3,4,,,1,,
1357,STN,TWNET,2013,8,8/19/2013,719,306,Delta Smelt,12:46,10.4,25.8,507,0.23,,514,0.23,38,,0.5079,Y,40,,3,3,,,1,,
1360,SKT,KT,2013,3,3/7/2013,606,6448,Delta Smelt,8:50,8.5,12.5,6960,3.8,,,,22,49,3.8722,Y,79,0.0723,4,2,,,1,1,
1363,SKT,KT,2012,5,5/1/2012,508,5054,Delta Smelt,12:13,12.2,18.8,316,0.14,,,,30,24,1.7518,Y,64,,4,3,,,1,,
1364,SKT,KT,2012,5,5/1/2012,513,5045,Delta Smelt,10:47,18.6,18.3,185,0.08,,,,65,19,2.3786,Y,70,,4,3,,,1,,
1368,STN,TWNET,2013,7,7/24/2013,519,224,Delta Smelt,10:48,2.4,20.5,12656,7.24,,14206,8.21,22,,0.9749,Y,54,0.0033,2,2,,,,1,
1372,STN,TWNET,2013,7,7/24/2013,519,218,Delta Smelt,10:48,2.4,20.5,12656,7.24,,14206,8.21,22,,1.2058,Y,54,,1,2,,,1,,
1373,STN,TWNET,2013,7,7/24/2013,519,217,Delta Smelt,10:48,2.4,20.5,12656,7.24,,14206,8.21,22,,0.715,Y,48,0.0051,1,2,,,,1,
1375,SKT,KT,2014,1,1/16/2014,609,183,Delta Smelt,9:10,7.9,9.1,9890,5.55,,,,42,29,3.3014,Y,74,,2,1,,,1,,
1389,STN,TWNET,2012,8,8/20/2012,797,5338,Delta Smelt,11:25,10.4,22.9,752,0.35,22.7,793,0.37,50,29.39999962,0.7799,Y,47,,2,1,,,1,,
1406,STN,TWNET,2012,6,6/25/2012,719,5210,Delta Smelt,10:45,10.7,20.5,388,0.17,20.6,396,0.18,32,31.29999924,0.4625,Y,41,0.0049,3,2,,,1,,
1422,FMWT,MWT,2013,9,9/10/2013,510,348,Delta Smelt,14:26,14.6,22.6,6298,3.41,,6973,3.81,63.99999857,18.39999962,1.5315,Y,60,0.0097,4,3,,,,1,
1423,STN,TWNET,2012,6,6/25/2012,797,5219,Delta Smelt,11:52,9.8,20.4,732,0.34,20.8,736,0.34,33,33.79999924,0.2536,Y,31,0.0033,3,4,,,1,,
1424,FMWT,MWT,2013,12,12/9/2013,513,824,Delta Smelt,13:43,18.3,10,10078,5.66,,11450,6.5,52.99999714,15,1.7836,Y,65,0.0121,3,3,,,,1,
1425,FMWT,MWT,2013,9,9/10/2013,515,322,Delta Smelt,9:06,10.4,20.4,18528,10.95,,15397,8.96,23.00000042,51,1.0744,Y,53,0.0066,2,3,,,,1,
1426,FMWT,MWT,2013,10,10/8/2013,512,536,Delta Smelt,13:18,17.1,18.4,6610,3.59,,9585,5.36,51.99999809,17.70000076,1.22,Y,56,0.0125,3,2,,,,1,
1427,FMWT,MWT,2013,9,9/10/2013,515,323,Delta Smelt,9:06,10.4,20.4,18528,10.95,,15397,8.96,23.00000042,51,0.7548,Y,49,0.0023,1,1,,,1,1,
1429,FMWT,MWT,2013,12,12/9/2013,517,808,Delta Smelt,9:09,6.1,8.3,18668,11.04,,19030,11.28,21.99999988,58,1.7432,Y,65,0.01,3,3,,,,1,
1431,STN,TWNET,2013,7,7/10/2013,519,158,Delta Smelt,10:59,3,21,11517,6.54,,13940,8.04,19,,0.6398,Y,46,0.0038,3,2,1,,,,
1432,STN,TWNET,2013,7,7/24/2013,519,222,Delta Smelt,10:48,2.4,20.5,12656,7.24,,14206,8.21,22,,0.9624,Y,52,0.0053,3,1,1,,,1,
1433,STN,TWNET,2013,7,7/24/2013,519,223,Delta Smelt,10:48,2.4,20.5,12656,7.24,,14206,8.21,22,,0.9903,Y,52,0.0081,1,3,,,,1,
1444,STN,TWNET,2013,6,6/27/2013,609,129,Delta Smelt,8:18,8.2,21.1,8251,4.56,,8258,4.57,25,,0.6197,Y,45,0.0053,3,3,1,,1,,
1446,FMWT,MWT,2013,12,12/5/2013,603,794,Delta Smelt,10:03,1.2,10.2,19994,11.9,,20161,12.01,49.00000095,21,2.3952,Y,69,0.0178,3,2,,,1,,
1451,FMWT,MWT,2013,12,12/10/2013,703,830,Delta Smelt,8:22,12.8,8.5,5363,2.87,,5388,2.88,30.00000119,35,1.437,Y,60,0.0012,1,2,1,,,,
1453,FMWT,MWT,2013,12,12/10/2013,704,841,Delta Smelt,8:45,11.3,8.4,3789,1.98,,4490,2.37,30.00000119,36,1.5318,Y,61,0.0059,1,4,,,,1,
1456,FMWT,MWT,2013,11,11/19/2013,797,750,Delta Smelt,9:47,9.8,13.6,575,0.26,,262,0.11,25,37.70000076,0.855,Y,51,0.0029,2,3,,,1,,
1457,SKT,KT,2014,1,1/16/2014,519,343,Delta Smelt,14:19,3,10,19360,11.49,,,,51,17,2.6091,Y,72,,4,3,,,1,,
1458,SKT,KT,2014,1,1/16/2014,519,344,Delta Smelt,14:19,3,10,19360,11.49,,,,51,17,2.3475,Y,65,0.0218,4,3,,,,1,
1461,SKT,KT,2014,1,1/16/2014,519,347,Delta Smelt,14:19,3,10,19360,11.49,,,,51,17,2.7464,Y,75,0.0473,4,3,1,,,1,
1464,SKT,KT,2014,1,1/15/2014,704,126,Delta Smelt,8:10,9.4,8.3,3524,1.83,,,,48,17,1.5444,Y,60,0.0051,1,2,,,1,,
1482,SKT,KT,2014,2,2/12/2014,704,358,Delta Smelt,8:11,8.5,11.1,662,0.3,,,,59,16,2.2921,Y,70,,2,4,,,1,,
1486,SKT,KT,2014,2,2/12/2014,712,365,Delta Smelt,12:06,2.7,12.1,218,0.09,,,,43,28,2.4125,Y,71,0.0293,4,2,,,1,,
1487,SKT,KT,2014,2,2/12/2014,712,366,Delta Smelt,12:06,2.7,12.1,218,0.09,,,,43,28,1.963,Y,64,,2,3,,,1,,
1491,SKT,KT,2014,2,2/12/2014,715,363,Delta Smelt,10:02,13.4,11.8,269,0.12,,,,45,24,1.8004,Y,63,,2,2,,,1,,
1492,SKT,KT,2014,2,2/11/2014,801,353,Delta Smelt,11:42,10.1,11.5,5080,2.71,,,,73,14,2.2351,Y,66,0.0185,3,2,,,1,,
1493,SKT,KT,2014,2,2/11/2014,801,354,Delta Smelt,11:42,10.1,11.5,5080,2.71,,,,73,14,2.6379,Y,71,,3,3,,,1,,
1494,SKT,KT,2014,2,2/11/2014,801,355,Delta Smelt,11:42,10.1,11.5,5080,2.71,,,,73,14,2.807,Y,69,,4,2,,,1,,
1500,SKT,KT,2014,3,3/13/2014,610,560,Delta Smelt,9:19,4.3,14.1,417,0.19,,,,23,47,2.4642,Y,72,0.0111,2,3,,,,1,
1502,SKT,KT,2014,3,3/12/2014,706,501,Delta Smelt,8:23,10.1,13.7,211,0.09,,,,38,30,2.1,N,69,,0,,1,,,,
1505,SKT,KT,2014,3,3/12/2014,713,559,Delta Smelt,14:27,12.5,14.5,254,0.11,,,,35,38,2.1643,Y,70,,3,1,,,1,,
1509,SKT,KT,2014,3,3/12/2014,716,553,Delta Smelt,13:38,9.4,14.3,317,0.14,,,,21,56,2.3818,Y,67,0.0189,2,3,,,1,,
1511,SKT,KT,2014,1,1/14/2014,513,113,Delta Smelt,12:26,16.2,10.2,10360,5.83,,,,73,10,1.485,Y,61,,3,3,,,1,,
1514,SKT,KT,2014,1,1/14/2014,513,116,Delta Smelt,12:26,16.2,10.2,10360,5.83,,,,73,10,2.363,Y,70,0.0409,4,3,,,1,,
1515,SKT,KT,2014,1,1/14/2014,513,118,Delta Smelt,12:26,16.2,10.2,10360,5.83,,,,73,10,2.1546,Y,70,0.0326,4,3,,,1,,
1516,SKT,KT,2014,1,1/14/2014,513,119,Delta Smelt,12:26,16.2,10.2,10360,5.83,,,,73,10,2.2738,Y,66,,4,3,,,1,,
1517,SKT,KT,2014,1,1/14/2014,513,120,Delta Smelt,12:26,16.2,10.2,10360,5.83,,,,73,10,1.6126,Y,61,,3,2,,,1,,
1518,SKT,KT,2014,1,1/14/2014,513,121,Delta Smelt,12:26,16.2,10.2,10360,5.83,,,,73,10,1.9281,Y,66,0.0347,3,2,,,1,,
1521,SKT,KT,2014,1,1/14/2014,801,102,Delta Smelt,11:59,8.2,9.8,7490,4.11,,,,69,10,1.9921,Y,65,0.0134,2,3,,,1,,
1522,SKT,KT,2014,1,1/14/2014,801,103,Delta Smelt,11:59,8.2,9.8,7490,4.11,,,,69,10,1.6734,Y,60,0.0105,2,3,,,1,,
1523,SKT,KT,2014,1,1/14/2014,801,104,Delta Smelt,11:59,8.2,9.8,7490,4.11,,,,69,10,2.2453,Y,71,,4,2,,,1,,
1525,SKT,KT,2014,1,1/14/2014,801,106,Delta Smelt,11:59,8.2,9.8,7490,4.11,,,,69,10,1.4426,Y,63,,2,3,,,1,1,
1526,SKT,KT,2014,1,1/14/2014,801,107,Delta Smelt,11:59,8.2,9.8,7490,4.11,,,,69,10,1.788,Y,63,,3,3,,,1,,
1532,SKT,KT,2014,1,1/15/2014,706,130,Delta Smelt,8:38,9.8,9,2314,1.16,,,,52,28,1.7719,Y,65,0.0111,3,3,,,,1,
1534,SKT,KT,2014,1,1/15/2014,706,132,Delta Smelt,8:38,9.8,9,2314,1.16,,,,52,28,1.6232,Y,61,0.0167,3,3,,,1,,
1539,SKT,KT,2014,1,1/15/2014,706,135,Delta Smelt,8:38,9.8,9,2314,1.16,,,,52,28,2.1547,Y,64,0.0396,4,1,1,,,,
1560,SKT,KT,2014,1,1/16/2014,609,197,Delta Smelt,9:10,7.9,9.1,9890,5.55,,,,42,29,3.0674,Y,76,0.0127,1,2,,,1,,
1563,SKT,KT,2014,2,2/13/2014,609,370,Delta Smelt,9:15,9.4,11.8,4555,2.41,,,,40,27,3.3821,Y,74,0.0204,2,2,,,1,,
1564,SKT,KT,2014,2,2/13/2014,609,373,Delta Smelt,9:15,9.4,11.8,4555,2.41,,,,40,27,3.0637,Y,72,,2,1,,,1,,
1566,SKT,KT,2014,2,2/13/2014,609,376,Delta Smelt,9:15,9.4,11.8,4555,2.41,,,,40,27,2.4583,Y,64,0.0264,3,2,,,1,,
1570,SKT,KT,2014,2,2/13/2014,609,388,Delta Smelt,9:15,9.4,11.8,4555,2.41,,,,40,27,2.3972,Y,66,,3,2,,,1,,
1571,SKT,KT,2014,2,2/13/2014,609,391,Delta Smelt,9:15,9.4,11.8,4555,2.41,,,,40,27,2.9561,Y,69,0.041,3,2,1,,,,
1572,SKT,KT,2014,2,2/13/2014,609,392,Delta Smelt,9:15,9.4,11.8,4555,2.41,,,,40,27,2.3855,Y,67,,3,2,,,1,,
1578,SKT,KT,2014,3,3/12/2014,719,528,Delta Smelt,10:24,9.1,13.8,533,0.24,,,,32,26,1.4438,Y,57,0.0065,1,1,,,1,,
1579,SKT,KT,2014,3,3/12/2014,719,537,Delta Smelt,10:24,9.1,13.8,533,0.24,,,,32,26,2.247,Y,66,,1,1,,,1,,
1582,SKT,KT,2014,3,3/12/2014,719,548,Delta Smelt,10:24,9.1,13.8,533,0.24,,,,32,26,1.1229,Y,54,,1,2,,,1,,
1588,SKT,KT,2014,3,3/13/2014,609,568,Delta Smelt,10:04,11,14.2,963,0.46,,,,26,41,2.2925,Y,63,,4,3,,,1,,
1592,SKT,KT,2014,3,3/13/2014,609,574,Delta Smelt,10:04,11,14.2,963,0.46,,,,26,41,4.0063,Y,83,,3,2,,,1,,
1593,SKT,KT,2014,3,3/12/2014,706,502,Delta Smelt,8:23,10.1,13.7,211,0.09,,,,38,30,1.863,Y,66,,2,4,,,1,,
1596,SKT,KT,2014,4,4/9/2014,504,7,Delta Smelt,14:30,7.9,17.8,10730,6.06,,,,46,18,1.8759,Y,67,0.0219,3,2,1,,1,1,
1600,SKT,KT,2014,4,4/8/2014,707,581,Delta Smelt,7:42,9.1,14.9,215,0.09,,,,76,11,1.8942,Y,65,0.0097,1,3,,,1,,
1601,SKT,KT,2014,4,4/8/2014,715,582,Delta Smelt,8:46,12.8,15.8,253,0.11,,,,72,11,2.8719,Y,74,0.0085,1,3,,,1,,
1602,SKT,KT,2014,4,4/8/2014,719,1,Delta Smelt,10:00,11,16.6,486,0.22,,,,53,18,3.3796,Y,74,0.0141,3,3,,,1,,
1604,SKT,KT,2014,4,4/8/2014,719,3,Delta Smelt,10:00,11,16.6,486,0.22,,,,53,18,2.8095,Y,69,0.014,2,1,,,1,,
1605,SKT,KT,2014,4,4/8/2014,719,583,Delta Smelt,10:00,11,16.6,486,0.22,,,,53,18,2.065,Y,68,,3,1,,,1,,
1613,SKT,KT,2014,4,4/10/2014,804,9,Delta Smelt,9:25,10.7,16.9,643,0.3,,,,58,14,2.4991,Y,71,,2,3,,,1,,
1614,SKT,KT,2014,4,4/10/2014,804,10,Delta Smelt,9:25,10.7,16.9,643,0.3,,,,58,14,2.0969,Y,65,0.0101,2,3,,,1,,
1620,SKT,KT,2014,5,5/7/2014,719,19,Delta Smelt,10:14,10.7,19.2,426,0.19,,,,25,33,3.5607,Y,75,,2,3,,,1,,
1626,SKT,KT,2014,5,5/7/2014,719,30,Delta Smelt,10:14,10.7,19.2,426,0.19,,,,25,33,2.6331,Y,71,0.0111,2,2,,,1,,
1634,STN,TWNET,2014,6,6/16/2014,704,115,Delta Smelt,13:36,7.6,21.5,3310,1.71,21.8,2822,1.44,41,24.60000038,0.1141,N,26,,0,,1,,,1,
1638,STN,TWNET,2014,6,6/16/2014,706,94,Delta Smelt,11:19,8.8,20.9,4215,2.22,20.9,4052,2.12,36,46.59999847,0.3096,Y,35,0.0013,1,4,,,,1,
1641,STN,TWNET,2014,6,6/16/2014,706,98,Delta Smelt,11:19,8.8,20.9,4215,2.22,20.9,4052,2.12,36,46.59999847,0.2345,Y,32,0.0005,2,2,,,1,,
1643,STN,TWNET,2014,6,6/16/2014,706,104,Delta Smelt,11:19,8.8,20.9,4215,2.22,20.9,4052,2.12,36,46.59999847,0.5777,Y,43,0.0012,2,1,,,,1,
1644,STN,TWNET,2014,6,6/16/2014,706,105,Delta Smelt,11:19,8.8,20.9,4215,2.22,20.9,4052,2.12,36,46.59999847,0.3521,Y,37,0.0028,3,3,1,,1,,
1645,STN,TWNET,2014,6,6/16/2014,706,106,Delta Smelt,11:19,8.8,20.9,4215,2.22,20.9,4052,2.12,36,46.59999847,0.5066,Y,42,,3,2,1,,,1,
1649,STN,TWNET,2014,6,6/16/2014,707,84,Delta Smelt,9:36,7.3,20.4,3398,1.76,19.4,3599,1.87,37,29.60000038,0.2521,N,35,,0,,1,,,,
1651,STN,TWNET,2014,6,6/2/2014,719,1,Delta Smelt,11:21,10.4,21.4,424,0.19,21.6,423,0.19,39,34.79999924,4.6015,Y,82,0.0422,3,3,,,1,,
1667,STN,TWNET,2014,6,6/18/2014,797,133,Delta Smelt,10:54,11,21.3,655,0.3,21.4,697,0.32,21,40.59999847,0.5379,Y,41,0.002,2,2,,,1,,
1669,STN,TWNET,2014,6,6/18/2014,797,136,Delta Smelt,10:54,11,21.3,655,0.3,21.4,697,0.32,21,40.59999847,0.325,Y,39,,4,3,,,1,,
1670,STN,TWNET,2014,7,7/1/2014,602,151,Delta Smelt,10:41,1.2,21,18025,10.63,20.7,17908,10.55,19,124,1.1945,Y,56,,1,4,,,1,1,
1674,STN,TWNET,2014,7,7/31/2014,602,175,Delta Smelt,10:12,1.2,21.1,18512,10.94,20.8,18729,11.08,21,266,0.4734,N,42,,0,,,,,1,
1675,STN,TWNET,2014,7,7/31/2014,602,176,Delta Smelt,10:12,1.2,21.1,18512,10.94,20.8,18729,11.08,21,266,0.9917,N,53,,0,,,,,1,
1676,STN,TWNET,2014,7,7/31/2014,602,178,Delta Smelt,10:12,1.2,21.1,18512,10.94,20.8,18729,11.08,21,266,1.4803,N,61,,0,,,,,1,
1677,STN,TWNET,2014,7,7/31/2014,602,179,Delta Smelt,10:12,1.2,21.1,18512,10.94,20.8,18729,11.08,21,266,0.6141,N,46,,0,,,,,1,
1682,STN,TWNET,2014,7,7/15/2014,706,156,Delta Smelt,12:16,9.1,22.4,1896,0.94,,,,39,28.79999924,0.7469,Y,48,0.0045,2,2,1,,1,1,
1683,STN,TWNET,2014,7,7/15/2014,706,157,Delta Smelt,12:16,9.1,22.4,1896,0.94,,,,39,28.79999924,0.8183,Y,49,0.0015,1,1,,,,1,
1684,STN,TWNET,2014,7,7/15/2014,706,158,Delta Smelt,12:16,9.1,22.4,1896,0.94,,,,39,28.79999924,0.4835,Y,41,,2,1,1,,,,
1686,STN,TWNET,2014,7,7/15/2014,707,149,Delta Smelt,10:40,8.2,22.7,1366,0.66,22.4,1439,0.7,47,35.70000076,0.5272,Y,42,0.0045,3,3,,,,1,
1692,STN,TWNET,2014,8,8/12/2014,704,184,Delta Smelt,14:23,10.1,22.5,1802,0.89,22.5,1826,0.9,61,20,0.8417,Y,48,,3,3,,,1,,
1769,FMWT,MWT,2014,9,9/10/2014,602,7001,Delta Smelt,9:10,1.5,19.7,20089,11.96,,20350,12.13,30,38.1,1.6005,Y,63,0.0033,2,3,,,1,,
1770,FMWT,MWT,2014,9,9/11/2014,705,7003,Delta Smelt,11:14,9.4,21.2,2088,1.04,,2599,1.32,49,22.1,1.4922,Y,59,0.0089,1,1,1,,,,
1771,FMWT,MWT,2014,9,9/11/2014,705,7004,Delta Smelt,11:14,9.4,21.2,2088,1.04,,2599,1.32,49,22.1,0.7847,Y,48,0.0052,1,2,,,,1,
1772,FMWT,MWT,2014,9,9/11/2014,705,7005,Delta Smelt,11:14,9.4,21.2,2088,1.04,,2599,1.32,49,22.1,1.9356,Y,69,0.0146,2,2,,,,1,
1773,FMWT,MWT,2014,9,9/17/2014,719,7006,Delta Smelt,10:48,10.4,22.1,400,0.18,,400,0.18,50,17.2,3.7429,Y,83,0.029,1,1,,,,1,
1774,FMWT,MWT,2014,10,10/9/2014,705,7007,Delta Smelt,9:33,9.8,20.7,6181,3.34,,7493,4.11,66,17.5,0.8305,Y,47,0.0008,1,2,,,,1,
1775,FMWT,MWT,2014,10,10/9/2014,706,7008,Delta Smelt,9:57,9.4,20.9,4659,2.47,,4932,2.62,48,22.5,1.782,Y,65,0.0051,2,3,,,,1,
1776,FMWT,MWT,2014,10,10/9/2014,706,7009,Delta Smelt,9:57,9.4,20.9,4659,2.47,,4932,2.62,48,22.5,1.1854,Y,56,0.0051,3,2,,,,1,
1777,FMWT,MWT,2014,12,12/8/2014,511,7011,Delta Smelt,13:29,14.6,14.6,6011,3.24,,8882,4.94,68,13.8,1.75,Y,62,,4,2,,,1,,
1778,FMWT,MWT,2014,12,12/16/2014,721,7036,Delta Smelt,11:35,3,12.1,293,0.13,,304,0.13,23,109,1.718,Y,64,0.0104,3,2,,,1,,
1779,FMWT,MWT,2014,12,12/16/2014,797,7037,Delta Smelt,15:09,10.7,13.2,553,0.25,,557,0.25,29,97.8,1.616,Y,61,,1,4,,,1,,
1781,SKT,KT,2014,12,12/9/2014,701,7012,Delta Smelt,8:54,9.1,14.3,3425,1.77,,,,56,15,1.3939,Y,59,0.0299,4,3,,,1,1,
1782,SKT,KT,2014,12,12/9/2014,703,7013,Delta Smelt,15:42,11.9,14.2,2464,1.25,,,,60,14,1.8797,Y,65,0.0091,3,3,,,1,,
1786,SKT,KT,2014,12,12/9/2014,704,7017,Delta Smelt,15:25,11.3,14.2,623,0.29,,,,39,18,1.1259,Y,54,0.0111,4,2,1,,,,
1787,SKT,KT,2014,12,12/9/2014,705,7019,Delta Smelt,14:56,9.4,14.1,350,0.15,,,,39,28,1.3409,Y,57,,4,3,,,1,,
1788,SKT,KT,2014,12,12/9/2014,705,7020,Delta Smelt,14:56,9.4,14.1,350,0.15,,,,39,28,1.739,Y,62,0.0368,4,2,,,1,,
1790,SKT,KT,2014,12,12/9/2014,705,7024,Delta Smelt,14:56,9.4,14.1,350,0.15,,,,39,28,1.812,Y,63,,3,3,,,1,,
1805,SKT,KT,2014,12,12/16/2014,501,7065,Delta Smelt,9:51,11.9,13.1,6800,3.71,,,,40,22,1.3525,Y,60,,3,3,,,,1,
1818,SKT,KT,2014,12,12/17/2014,719,7083,Delta Smelt,8:51,12.2,12.7,297,0.13,,,,28,50,1.3726,Y,59,0.0053,1,3,,,,1,
1823,SKT,KT,2015,1,1/13/2015,801,7088,Delta Smelt,13:24,7,9.6,215,0.09,,,,29,40,1.4575,Y,59,0.0125,3,3,1,,,,
1825,SKT,KT,2015,1,1/13/2015,508,7090,Delta Smelt,15:23,14.9,10,4653,2.46,,,,29,50,2.1472,Y,68,,3,3,,,1,,
1828,SKT,KT,2015,1,1/14/2015,706,7093,Delta Smelt,12:01,11,8.7,417,0.19,,,,39,32,1.8799,Y,63,0.0186,3,3,,,,1,
1829,SKT,KT,2015,1,1/14/2015,706,7094,Delta Smelt,12:01,11,8.7,417,0.19,,,,39,32,1.7465,Y,64,0.0072,1,2,,,1,,
1830,SKT,KT,2015,1,1/14/2015,719,7095,Delta Smelt,8:47,11.9,9.4,401,0.18,,,,28,43,1.5886,Y,61,0.0051,2,3,,,1,,
1833,SKT,KT,2015,1,1/14/2015,719,7098,Delta Smelt,8:47,11.9,9.4,401,0.18,,,,28,43,1.7113,Y,63,0.0017,1,3,,,1,,
1837,SKT,KT,2015,1,1/15/2015,609,7102,Delta Smelt,10:22,9.1,9.4,2212,1.11,,,,31,46,1.5886,Y,60,0.0084,2,3,,,1,,
1839,SKT,KT,2015,1,1/15/2015,606,7104,Delta Smelt,10:59,9.8,9.8,5110,2.73,,,,45,34,2.0972,Y,68,0.0294,3,2,,,,1,
1841,SKT,KT,2015,2,2/10/2015,508,7106,Delta Smelt,7:54,12.2,13.2,2408,1.22,,,,28,32,2.2495,Y,66,0.0178,2,2,,,1,,
1842,SKT,KT,2015,2,2/10/2015,508,7107,Delta Smelt,7:54,12.2,13.2,2408,1.22,,,,28,32,2.0934,Y,64,0.0174,3,3,,,1,,
1844,SKT,KT,2015,2,2/10/2015,508,7109,Delta Smelt,7:54,12.2,13.2,2408,1.22,,,,28,32,2.1586,Y,67,0.0022,2,3,,,1,,
1845,SKT,KT,2015,2,2/10/2015,508,7110,Delta Smelt,7:54,12.2,13.2,2408,1.22,,,,28,32,2.0613,Y,67,0.0094,1,3,,,1,,
1847,SKT,KT,2015,2,2/11/2015,704,7112,Delta Smelt,14:13,9.1,12.8,508,0.23,,,,42,21,2.1996,Y,68,,2,3,,,1,,
1848,SKT,KT,2015,2,2/11/2015,704,7113,Delta Smelt,14:13,9.1,12.8,508,0.23,,,,42,21,1.719,Y,62,,3,3,,,1,,
1849,SKT,KT,2015,2,2/11/2015,706,7116,Delta Smelt,12:55,10.4,13.2,295,0.13,,,,47,24,2.3694,Y,69,0.0241,3,3,,,1,,
1860,SKT,KT,2015,2,2/11/2015,706,7138,Delta Smelt,12:55,10.4,13.2,295,0.13,,,,47,24,2.236,Y,65,,2,2,,,1,,
1862,SKT,KT,2015,2,2/11/2015,716,7140,Delta Smelt,8:00,8.2,14.1,360,0.16,,,,16,107,2.1218,Y,63,,3,2,1,,,1,
1863,SKT,KT,2015,2,2/11/2015,719,7141,Delta Smelt,7:28,11.6,13.5,454,0.2,,,,46,17,1.6042,Y,61,,1,3,,,1,,
1878,SKT,KT,2015,2,2/12/2015,610,7159,Delta Smelt,8:18,,14.2,2122,1.06,,,,35,34,2.9053,Y,74,0.0377,3,3,,,1,,
1880,SKT,KT,2015,3,3/11/2015,707,7161,Delta Smelt,14:38,10.4,14.8,348,0.15,,,,25,20,2.404,Y,69,0.0035,2,3,,,1,,
1881,SKT,KT,2014,12,12/16/2014,804,7062,Delta Smelt,12:10,12.5,12.8,883,0.41,,,,22,56,1.2643,Y,58,0.0104,2,2,,,,1,
1883,SKT,KT,2015,3,3/12/2015,609,7164,Delta Smelt,7:37,9.4,16.1,3564,1.85,,,,29,47,1.8735,Y,66,,4,3,,,1,1,
1884,SKT,KT,2015,4,4/8/2015,719,7165,Delta Smelt,7:20,10.4,15.9,428,0.19,,,,52,18,2.0325,Y,65,,4,2,1,,,,
1891,GES,MWTCC,2014,10,10/21/2014,705,322,Delta Smelt,9:04,11.6,19.1,3185,1.64,19.1,3488,1.81,63,16.1,1.2109,Y,57,,1,2,,,,1,
1892,GES,MWTCC,2014,10,10/21/2014,705,323,Delta Smelt,9:04,11.6,19.1,3185,1.64,19.1,3488,1.81,63,16.1,0.8083,Y,50,0.005,2,3,,,1,1,
1893,GES,MWTCC,2014,10,10/21/2014,705,324,Delta Smelt,9:04,11.6,19.1,3185,1.64,19.1,3488,1.81,63,16.1,0.9249,Y,51,0.0029,1,3,,,,1,
1894,GES,MWTCC,2014,10,10/21/2014,705,325,Delta Smelt,9:04,11.6,19.1,3185,1.64,19.1,3488,1.81,63,16.1,1.1475,Y,56,0.0049,2,3,,,1,1,
1898,GES,MWTCC,2014,12,12/2/2014,706,329,Delta Smelt,9:34,9.1,13.5,2411,1.22,13.6,2219,1.11,62,18.3,1.1509,Y,56,0.0023,1,3,,,1,,
1899,GES,MWTCC,2014,12,12/2/2014,706,330,Delta Smelt,9:34,9.1,13.5,2411,1.22,13.6,2219,1.11,62,18.3,1.2188,Y,55,,3,3,,,1,,
1902,GES,MWTCC,2014,12,12/2/2014,706,333,Delta Smelt,10:38,10.7,13.7,3461,1.79,13.5,5255,2.81,55,15.5,1.1612,Y,56,0.0022,2,2,,,,1,
1908,GES,MWTCC,2014,12,12/2/2014,797,339,Delta Smelt,14:38,11.9,13.8,491,0.22,13.9,493,0.22,26,55.8,1.1927,Y,56,0.0021,1,3,,,1,,
1910,GES,MWTCC,2014,8,8/21/2014,706,6,Delta Smelt,9:30,,21.8,1245,0.6,21.3,2671,1.36,60,15.6,0.8985,Y,50,0.0003,1,2,,,,1,
1911,GES,MWTCC,2014,8,8/21/2014,706,8,Delta Smelt,9:30,,21.8,1245,0.6,21.3,2671,1.36,60,15.6,0.7468,Y,48,0.0006,1,3,,,1,1,
1912,GES,MWTCC,2014,8,8/21/2014,706,9,Delta Smelt,9:30,,21.8,1245,0.6,21.3,2671,1.36,60,15.6,0.8029,Y,49,,1,2,,,1,,
1913,GES,MWTCC,2014,8,8/21/2014,706,10,Delta Smelt,9:30,,21.8,1245,0.6,21.3,2671,1.36,60,15.6,0.7118,Y,47,0.0019,1,2,,,,1,
1917,GES,MWTCC,2014,8,8/21/2014,706,17,Delta Smelt,9:30,,21.8,1245,0.6,21.3,2671,1.36,60,15.6,1.1057,Y,55,,2,3,,,1,1,
1918,GES,MWTCC,2014,8,8/21/2014,706,18,Delta Smelt,9:30,,21.8,1245,0.6,21.3,2671,1.36,60,15.6,0.5766,Y,44,0.0021,1,2,,,,1,
1919,GES,MWTCC,2014,8,8/21/2014,706,23,Delta Smelt,9:30,,21.8,1245,0.6,21.3,2671,1.36,60,15.6,0.7423,Y,48,0.0015,1,3,,,1,,
1922,GES,MWTCC,2014,8,8/21/2014,706,29,Delta Smelt,9:30,,21.8,1245,0.6,21.3,2671,1.36,60,15.6,0.9203,Y,51,0.0029,1,3,,,,1,
1923,GES,MWTCC,2014,8,8/21/2014,706,31,Delta Smelt,9:30,,21.8,1245,0.6,21.3,2671,1.36,60,15.6,0.7005,Y,45,0.0036,1,4,,,1,,
1926,GES,MWTCC,2014,8,8/21/2014,706,34,Delta Smelt,9:30,,21.8,1245,0.6,21.3,2671,1.36,60,15.6,0.5223,Y,42,0.0006,1,3,,,,1,
1927,GES,MWTCC,2014,8,8/21/2014,706,35,Delta Smelt,9:30,,21.8,1245,0.6,21.3,2671,1.36,60,15.6,1.0364,N,52,,0,,1,,,1,
1931,GES,MWTCC,2014,8,8/21/2014,704,44,Delta Smelt,11:14,7.3,22.6,1214,0.58,21.9,2315,1.17,66,13.2,0.6557,Y,44,0.0012,2,2,,,1,1,
1932,GES,MWTCC,2014,8,8/21/2014,704,47,Delta Smelt,11:14,7.3,22.6,1214,0.58,21.9,2315,1.17,66,13.2,0.7357,Y,49,0.0002,1,2,,,,1,
1937,GES,MWTCC,2014,8,8/21/2014,704,55,Delta Smelt,11:14,7.3,22.6,1214,0.58,21.9,2315,1.17,66,13.2,0.4612,Y,42,0.0001,1,2,,,,1,
1940,GES,MWTCC,2014,8,8/21/2014,704,59,Delta Smelt,11:14,7.3,22.6,1214,0.58,21.9,2315,1.17,66,13.2,0.8842,Y,50,0.0017,2,2,,,,1,
1941,GES,MWTCC,2014,8,8/21/2014,704,63,Delta Smelt,11:14,7.3,22.6,1214,0.58,21.9,2315,1.17,66,13.2,0.6468,Y,44,,1,1,,,,1,
1942,GES,MWTCC,2014,8,8/21/2014,704,64,Delta Smelt,11:14,7.3,22.6,1214,0.58,21.9,2315,1.17,66,13.2,0.5976,Y,44,0.0021,1,2,,,,1,
1946,GES,MWTCC,2014,8,8/21/2014,704,72,Delta Smelt,11:14,7.3,22.6,1214,0.58,21.9,2315,1.17,66,13.2,0.8333,Y,48,0.0027,3,2,,,,1,
1947,GES,MWTCC,2014,8,8/21/2014,704,76,Delta Smelt,11:14,7.3,22.6,1214,0.58,21.9,2315,1.17,66,13.2,0.8726,Y,51,0.004,1,2,,,,1,
1948,GES,MWTCC,2014,8,8/21/2014,704,79,Delta Smelt,11:14,7.3,22.6,1214,0.58,21.9,2315,1.17,66,13.2,0.8574,Y,48,,2,3,,,,1,
1949,GES,MWTCC,2014,8,8/21/2014,704,82,Delta Smelt,11:14,7.3,22.6,1214,0.58,21.9,2315,1.17,66,13.2,0.6909,Y,47,0.0024,1,2,,,1,,
1950,GES,MWTCC,2014,8,8/21/2014,704,85,Delta Smelt,11:14,7.3,22.6,1214,0.58,21.9,2315,1.17,66,13.2,0.7486,Y,45,,2,2,,,1,1,
1951,GES,MWTCC,2014,8,8/21/2014,704,88,Delta Smelt,11:14,7.3,22.6,1214,0.58,21.9,2315,1.17,66,13.2,1.0993,Y,55,0.0027,2,2,,,1,1,
1955,GES,MWTCC,2014,8,8/21/2014,704,104,Delta Smelt,11:14,7.3,22.6,1214,0.58,21.9,2315,1.17,66,13.2,1.0786,Y,52,,3,2,,,,1,
1957,GES,MWTCC,2014,8,8/21/2014,704,106,Delta Smelt,12:37,9.1,23.4,2071,1.03,22.6,2549,1.29,54,16.7,1.1725,Y,55,0.0067,2,2,,,,1,
1958,GES,MWTCC,2014,8,8/21/2014,704,107,Delta Smelt,12:37,9.1,23.4,2071,1.03,22.6,2549,1.29,54,16.7,1.176,Y,53,,3,3,,,,1,
1959,GES,MWTCC,2014,8,8/21/2014,704,111,Delta Smelt,12:37,9.1,23.4,2071,1.03,22.6,2549,1.29,54,16.7,1.0823,Y,54,,2,2,,,,1,
1960,GES,MWTCC,2014,8,8/21/2014,704,112,Delta Smelt,12:37,9.1,23.4,2071,1.03,22.6,2549,1.29,54,16.7,0.9722,Y,51,0.0067,2,2,,,,1,
1963,GES,MWTCC,2014,8,8/21/2014,704,119,Delta Smelt,12:37,9.1,23.4,2071,1.03,22.6,2549,1.29,54,16.7,1.0735,Y,55,0.0049,3,2,,,,1,
1964,GES,MWTCC,2014,8,8/21/2014,704,122,Delta Smelt,13:16,9.8,23.4,3175,1.63,21.9,4373,2.31,57,20,0.9087,Y,51,,2,2,,,,1,
1969,GES,MWTCC,2014,8,8/21/2014,797,153,Delta Smelt,16:01,9.1,23.3,541,0.25,22.1,594,0.27,45,28.2,0.7733,Y,50,0.001,2,3,,,1,,
1970,GES,MWTCC,2014,8,8/21/2014,797,162,Delta Smelt,16:01,9.1,23.3,541,0.25,22.1,594,0.27,45,28.2,1.0377,Y,53,,2,2,,,1,,
1975,GES,MWTCC,2014,8,8/21/2014,797,178,Delta Smelt,16:01,9.1,23.3,541,0.25,22.1,594,0.27,45,28.2,0.8859,Y,47,0.0145,2,3,,,1,,
1977,GES,MWTCC,2014,8,8/21/2014,797,185,Delta Smelt,16:01,9.1,23.3,541,0.25,22.1,594,0.27,45,28.2,0.9003,Y,49,,2,3,,,,1,
1978,GES,MWTCC,2014,8,8/21/2014,797,188,Delta Smelt,16:01,9.1,23.3,541,0.25,22.1,594,0.27,45,28.2,0.7371,Y,47,0.0064,2,3,,,1,,
1979,GES,MWTCC,2014,8,8/21/2014,797,189,Delta Smelt,16:01,9.1,23.3,541,0.25,22.1,594,0.27,45,28.2,1.0059,Y,50,0.0026,3,3,,,1,,
1980,GES,MWTCC,2014,8,8/21/2014,797,195,Delta Smelt,16:01,9.1,23.3,541,0.25,22.1,594,0.27,45,28.2,0.5115,Y,42,0.0037,2,3,,,1,,
1981,GES,MWTCC,2014,8,8/21/2014,797,197,Delta Smelt,16:01,9.1,23.3,541,0.25,22.1,594,0.27,45,28.2,1.0199,Y,50,0.0064,2,4,,,1,,
1982,GES,MWTCC,2014,8,8/21/2014,797,200,Delta Smelt,16:01,9.1,23.3,541,0.25,22.1,594,0.27,45,28.2,0.7223,Y,47,0.0025,3,3,,,1,,
1983,GES,MWTCC,2014,8,8/21/2014,797,202,Delta Smelt,16:01,9.1,23.3,541,0.25,22.1,594,0.27,45,28.2,1.0057,Y,52,0.0025,3,4,,,1,,
1985,GES,MWTCC,2014,8,8/21/2014,797,206,Delta Smelt,16:01,9.1,23.3,541,0.25,22.1,594,0.27,45,28.2,0.7225,Y,45,0.0011,2,3,,,1,,
1994,GES,MWTCC,2014,8,8/21/2014,797,237,Delta Smelt,16:01,9.1,23.3,541,0.25,22.1,594,0.27,45,28.2,0.655,Y,44,0.0034,3,3,,,1,,
1998,GES,MWTCC,2014,9,9/25/2014,705,254,Delta Smelt,9:20,9.1,20.8,2777,1.42,20.6,4753,2.52,62,14,0.978,Y,53,,2,1,,,,1,
1999,GES,MWTCC,2014,9,9/25/2014,705,255,Delta Smelt,9:20,9.1,20.8,2777,1.42,20.6,4753,2.52,62,14,0.9806,Y,51,0.0014,2,2,,,,1,
2000,GES,MWTCC,2014,9,9/25/2014,705,256,Delta Smelt,9:20,9.1,20.8,2777,1.42,20.6,4753,2.52,62,14,0.7657,Y,48,,1,2,,,,1,
2001,GES,MWTCC,2014,9,9/25/2014,705,257,Delta Smelt,9:50,6.4,20.9,3134,1.61,20.6,3935,2.06,47,24.4,0.9983,Y,52,0.0032,1,3,,,,1,
2002,GES,MWTCC,2014,9,9/25/2014,705,258,Delta Smelt,9:50,6.4,20.9,3134,1.61,20.6,3935,2.06,47,24.4,0.9556,Y,53,,3,2,,,,1,
2004,GES,MWTCC,2014,9,9/25/2014,705,260,Delta Smelt,10:15,8.2,21,2639,1.34,20.2,3237,1.67,48,23.3,1.0185,Y,53,,1,2,,,,1,
2006,GES,MWTCC,2014,9,9/25/2014,705,262,Delta Smelt,10:15,8.2,21,2639,1.34,20.2,3237,1.67,48,23.3,1.1613,Y,56,0.0098,1,3,,,,1,
2009,GES,MWTCC,2014,9,9/25/2014,705,265,Delta Smelt,10:15,8.2,21,2639,1.34,20.2,3237,1.67,48,23.3,0.8746,Y,49,,2,3,,,,1,
2011,GES,MWTCC,2014,9,9/25/2014,705,267,Delta Smelt,10:15,8.2,21,2639,1.34,20.2,3237,1.67,48,23.3,1.0046,Y,53,0.0026,2,2,,,,1,
2013,GES,MWTCC,2014,9,9/25/2014,705,269,Delta Smelt,10:15,8.2,21,2639,1.34,20.2,3237,1.67,48,23.3,0.9106,Y,50,0.0024,1,2,,,,1,
2014,GES,MWTCC,2014,9,9/25/2014,705,270,Delta Smelt,10:15,8.2,21,2639,1.34,20.2,3237,1.67,48,23.3,0.8619,Y,51,0.0034,1,3,,,,1,
2015,GES,MWTCC,2014,9,9/25/2014,705,271,Delta Smelt,10:15,8.2,21,2639,1.34,20.2,3237,1.67,48,23.3,0.8017,Y,48,0.0063,2,2,1,,,1,
2018,GES,MWTCC,2014,9,9/25/2014,705,274,Delta Smelt,10:15,8.2,21,2639,1.34,20.2,3237,1.67,48,23.3,1.0606,Y,53,0.0077,2,2,,,,1,
2019,GES,MWTCC,2014,9,9/25/2014,705,275,Delta Smelt,10:15,8.2,21,2639,1.34,20.2,3237,1.67,48,23.3,0.8672,Y,52,0.0032,2,2,,,,1,
2020,GES,MWTCC,2014,9,9/25/2014,705,276,Delta Smelt,10:15,8.2,21,2639,1.34,20.2,3237,1.67,48,23.3,1.011,Y,54,,2,2,,,,1,
2021,GES,MWTCC,2014,9,9/25/2014,705,277,Delta Smelt,10:15,8.2,21,2639,1.34,20.2,3237,1.67,48,23.3,1.5983,Y,63,0.0022,2,2,,,,1,
2022,GES,MWTCC,2014,9,9/25/2014,705,278,Delta Smelt,10:15,8.2,21,2639,1.34,20.2,3237,1.67,48,23.3,1.1327,Y,55,0.0045,1,2,,,1,1,
2023,GES,MWTCC,2014,9,9/25/2014,705,279,Delta Smelt,10:15,8.2,21,2639,1.34,20.2,3237,1.67,48,23.3,0.7925,Y,47,,2,3,,,,1,
2024,GES,MWTCC,2014,9,9/25/2014,705,280,Delta Smelt,10:15,8.2,21,2639,1.34,20.2,3237,1.67,48,23.3,0.9332,Y,52,0.0009,1,2,,,,1,
2025,GES,MWTCC,2014,9,9/25/2014,705,281,Delta Smelt,10:15,8.2,21,2639,1.34,20.2,3237,1.67,48,23.3,1.1262,Y,52,0.0052,1,2,,,,1,
2026,GES,MWTCC,2014,9,9/25/2014,705,282,Delta Smelt,10:15,8.2,21,2639,1.34,20.2,3237,1.67,48,23.3,1.0324,Y,52,0.0035,2,3,,,,1,
2027,GES,MWTCC,2014,9,9/25/2014,705,283,Delta Smelt,10:15,8.2,21,2639,1.34,20.2,3237,1.67,48,23.3,0.9797,Y,53,0.0062,2,2,,,,1,
2028,GES,MWTCC,2014,9,9/25/2014,705,284,Delta Smelt,10:15,8.2,21,2639,1.34,20.2,3237,1.67,48,23.3,1.2778,Y,58,0.0027,2,3,,,,1,
2030,GES,MWTCC,2014,9,9/25/2014,705,286,Delta Smelt,10:15,8.2,21,2639,1.34,20.2,3237,1.67,48,23.3,0.8853,Y,50,0.0048,2,2,,,,1,
2031,GES,MWTCC,2014,9,9/25/2014,705,287,Delta Smelt,10:48,9.4,21.3,1975,0.98,21,2489,1.26,42,30.6,1.0259,Y,53,0.0005,1,2,,,,1,
2032,GES,MWTCC,2014,9,9/25/2014,705,288,Delta Smelt,10:48,9.4,21.3,1975,0.98,21,2489,1.26,42,30.6,1.2645,Y,55,0.0042,2,3,,,,1,
2033,GES,MWTCC,2014,9,9/25/2014,705,289,Delta Smelt,10:48,9.4,21.3,1975,0.98,21,2489,1.26,42,30.6,0.7708,Y,49,0.0032,2,2,,,,1,
2034,GES,MWTCC,2014,9,9/25/2014,705,290,Delta Smelt,10:48,9.4,21.3,1975,0.98,21,2489,1.26,42,30.6,0.9506,Y,51,0.0038,1,2,,,,1,
2035,GES,MWTCC,2014,9,9/25/2014,705,291,Delta Smelt,10:48,9.4,21.3,1975,0.98,21,2489,1.26,42,30.6,0.8421,Y,49,0.0022,1,2,,,,1,
2036,GES,MWTCC,2014,9,9/25/2014,705,292,Delta Smelt,10:48,9.4,21.3,1975,0.98,21,2489,1.26,42,30.6,0.7457,Y,48,,2,2,,,,1,
2037,GES,MWTCC,2014,9,9/25/2014,705,293,Delta Smelt,10:48,9.4,21.3,1975,0.98,21,2489,1.26,42,30.6,0.9317,Y,52,0.0018,2,3,,,,1,
2038,GES,MWTCC,2014,9,9/25/2014,705,294,Delta Smelt,10:48,9.4,21.3,1975,0.98,21,2489,1.26,42,30.6,1.0295,Y,51,0.0026,3,3,,,,1,
2039,GES,MWTCC,2014,9,9/25/2014,705,295,Delta Smelt,10:48,9.4,21.3,1975,0.98,21,2489,1.26,42,30.6,0.8125,Y,48,0.0031,1,1,,,,1,
2040,GES,MWTCC,2014,9,9/25/2014,705,296,Delta Smelt,10:48,9.4,21.3,1975,0.98,21,2489,1.26,42,30.6,0.9621,Y,49,0.0056,2,2,,,,1,
2041,GES,MWTCC,2014,9,9/25/2014,705,297,Delta Smelt,11:20,7.3,21.5,1515,0.74,21.2,1806,0.89,53,23.4,1.0579,Y,55,0.0055,2,2,,,1,1,
2044,GES,MWTCC,2014,9,9/25/2014,705,300,Delta Smelt,11:20,7.3,21.5,1515,0.74,21.2,1806,0.89,53,23.4,1.0715,Y,54,0.0009,2,3,,,,1,
2045,GES,MWTCC,2014,9,9/25/2014,705,301,Delta Smelt,11:20,7.3,21.5,1515,0.74,21.2,1806,0.89,53,23.4,0.9257,Y,50,0.0037,2,2,,,,1,
2046,GES,MWTCC,2014,9,9/25/2014,705,302,Delta Smelt,11:20,7.3,21.5,1515,0.74,21.2,1806,0.89,53,23.4,1.0077,Y,50,0.0024,2,2,,,,1,
2047,GES,MWTCC,2014,9,9/25/2014,705,303,Delta Smelt,11:20,7.3,21.5,1515,0.74,21.2,1806,0.89,53,23.4,1.1361,Y,53,0.0002,1,3,,,,1,
2048,GES,MWTCC,2014,9,9/25/2014,705,304,Delta Smelt,11:20,7.3,21.5,1515,0.74,21.2,1806,0.89,53,23.4,0.922,Y,50,0.0049,2,2,,,,1,
2049,GES,MWTCC,2014,9,9/25/2014,705,305,Delta Smelt,11:20,7.3,21.5,1515,0.74,21.2,1806,0.89,53,23.4,0.9525,Y,50,,2,3,,,,1,
2050,GES,MWTCC,2014,9,9/25/2014,705,306,Delta Smelt,11:20,7.3,21.5,1515,0.74,21.2,1806,0.89,53,23.4,1.1592,Y,53,0.001,1,3,,,1,1,
2051,GES,MWTCC,2014,9,9/25/2014,705,307,Delta Smelt,11:20,7.3,21.5,1515,0.74,21.2,1806,0.89,53,23.4,0.6566,Y,44,0.0027,2,2,,,1,1,
2053,GES,MWTCC,2014,9,9/25/2014,705,309,Delta Smelt,11:20,7.3,21.5,1515,0.74,21.2,1806,0.89,53,23.4,1.0267,Y,52,,2,2,,,,1,
2054,GES,MWTCC,2014,9,9/25/2014,705,310,Delta Smelt,11:20,7.3,21.5,1515,0.74,21.2,1806,0.89,53,23.4,0.9533,Y,51,,3,3,,,1,1,
2056,GES,MWTCC,2014,9,9/25/2014,705,312,Delta Smelt,11:20,7.3,21.5,1515,0.74,21.2,1806,0.89,53,23.4,0.9104,Y,48,0.0043,2,2,,,,1,
2058,GES,MWTCC,2014,9,9/25/2014,705,314,Delta Smelt,11:20,7.3,21.5,1515,0.74,21.2,1806,0.89,53,23.4,1.0986,Y,54,0.0028,3,3,,,,1,
2059,GES,MWTCC,2014,9,9/25/2014,705,319,Delta Smelt,9:20,9.1,20.8,2777,1.42,20.6,4753,2.52,62,14,0.8112,Y,50,0.0042,2,2,,,,1,
2061,GES,MWTCC,2014,9,9/25/2014,705,316,Delta Smelt,11:20,7.3,21.5,1515,0.74,21.2,1806,0.89,53,23.4,1.2166,Y,55,0.0055,2,2,,,,1,
2064,STN,TWNET,2015,6,6/18/2015,713,7170,Delta Smelt,7:51,12.8,22.3,434,0.19,22.1,511,0.23,78,9.899999619,0.1516,Y,29,0.0013,3,2,,,,1,
2071,STN,TWNET,2015,7,7/1/2015,719,7177,Delta Smelt,11:38,10.4,24,482,0.22,24.8,448,0.2,33,,1.1596,Y,53,0.0033,1,3,,,1,,
2075,STN,TWNET,2015,7,7/1/2015,719,7181,Delta Smelt,11:38,10.4,24,482,0.22,24.8,448,0.2,33,,1.3855,Y,55,0.0104,2,2,,,1,,
2102,STN,TWNET,2017,6,6/27/2017,602,7341,Delta Smelt,11:26,0.9,20.9,4750,2.52,20.8,4845,2.57,18,130,0.9206,Y,46,,4,3,,,1,,
2108,STN,TWNET,2017,8,8/22/2017,602,7347,Delta Smelt,10:49,1.5,19.6,10907,6.17,19.8,10880,6.15,16,166,0.2437,Y,34,,2,2,,,,1,
2111,STN,TWNET,2017,8,8/22/2017,602,7350,Delta Smelt,10:49,1.5,19.6,10907,6.17,19.8,10880,6.15,16,166,0.6015,Y,46,,1,2,,,1,,
2112,STN,TWNET,2017,8,8/22/2017,602,7351,Delta Smelt,10:49,1.5,19.6,10907,6.17,19.8,10880,6.15,16,166,0.9912,Y,56,,4,2,1,,,1,
2114,STN,TWNET,2017,8,8/22/2017,602,7353,Delta Smelt,10:49,1.5,19.6,10907,6.17,19.8,10880,6.15,16,166,0.5405,Y,46,,3,3,,,1,1,
2115,STN,TWNET,2017,8,8/22/2017,602,7354,Delta Smelt,10:49,1.5,19.6,10907,6.17,19.8,10880,6.15,16,166,0.8847,Y,47,,3,2,,,1,1,
2116,STN,TWNET,2017,8,8/22/2017,602,7355,Delta Smelt,10:49,1.5,19.6,10907,6.17,19.8,10880,6.15,16,166,0.751,Y,44,0.0038,3,3,,,,1,
2117,STN,TWNET,2017,8,8/22/2017,602,7356,Delta Smelt,10:49,1.5,19.6,10907,6.17,19.8,10880,6.15,16,166,1.25,Y,60,,2,2,,,1,1,1
2118,STN,TWNET,2017,8,8/22/2017,602,7357,Delta Smelt,10:49,1.5,19.6,10907,6.17,19.8,10880,6.15,16,166,0.5421,Y,40,,3,3,,,,1,
2119,STN,TWNET,2017,8,8/22/2017,602,7358,Delta Smelt,10:49,1.5,19.6,10907,6.17,19.8,10880,6.15,16,166,0.5178,Y,46,,4,3,,,1,1,
2120,STN,TWNET,2017,8,8/22/2017,602,7359,Delta Smelt,10:49,1.5,19.6,10907,6.17,19.8,10880,6.15,16,166,0.4317,Y,40,,3,2,1,,,1,
2121,STN,TWNET,2017,8,8/22/2017,602,7360,Delta Smelt,10:49,1.5,19.6,10907,6.17,19.8,10880,6.15,16,166,1.1566,Y,52,,2,2,1,,1,1,
2122,STN,TWNET,2017,7,7/25/2017,602,7610,Delta Smelt,12:03,0.9,21.6,12221,6.97,21.9,12039,6.86,20,63.5,0.9904,Y,53,,4,3,,,,1,
2123,STN,TWNET,2017,7,7/25/2017,602,7611,Delta Smelt,12:03,0.9,21.6,12221,6.97,21.9,12039,6.86,20,63.5,0.4296,Y,38,0.005,4,2,,,,1,
2124,STN,TWNET,2017,7,7/24/2017,519,7612,Delta Smelt,10:54,1.8,21.2,8479,4.7,20.9,10654,6.01,26,62.5,0.6506,Y,44,0.0065,2,2,,,,1,
2125,STN,TWNET,2017,7,7/11/2017,602,7613,Delta Smelt,12:23,1.5,22.7,3829,2,23.1,58,0.02,17,102,0.2873,Y,24,,2,2,1,,,,
2126,STN,TWNET,2017,7,7/11/2017,602,7614,Delta Smelt,12:23,1.5,22.7,3829,2,23.1,58,0.02,17,102,0.7807,Y,47,,2,2,,,,1,
2127,STN,TWNET,2017,7,7/11/2017,602,7615,Delta Smelt,12:23,1.5,22.7,3829,2,23.1,58,0.02,17,102,0.4493,Y,42,,2,2,,,,1,
2128,STN,TWNET,2017,7,7/11/2017,418,7750,Delta Smelt,13:33,9.4,22.2,6606,3.59,22.3,7820,4.31,30,46.4,0.6642,Y,45,,1,1,1,,,,
2129,FMWT,MWT,2017,10,10/10/2017,701,7361,Delta Smelt,8:02,12.2,17.5,1529,0.75,,1504,0.73,37,29.9,0.4965,N,42,,0,,1,,,,
2132,SKT,KT,2017,1,1/11/2017,719,A2,Delta Smelt,12:18,11.9,9.7,222,0.09,,,,37,34,1.1777,Y,50,,4,2,,,1,,
2134,SKT,KT,2017,1,1/11/2017,719,A4,Delta Smelt,12:18,11.9,9.7,222,0.09,,,,37,34,1.8208,Y,67,0.0086,3,2,,,1,,
2135,SKT,KT,2017,1,1/11/2017,719,A5,Delta Smelt,12:18,11.9,9.7,222,0.09,,,,37,34,2.1892,Y,68,0.0237,3,3,,,1,,
2136,SKT,KT,2017,1,1/11/2017,719,A6,Delta Smelt,12:18,11.9,9.7,222,0.09,,,,37,34,2.3166,Y,69,,4,2,,,1,,
2138,SKT,KT,2017,1,1/11/2017,804,A8,Delta Smelt,15:53,11.9,9.8,126,0.05,,,,40,33,2.4598,Y,71,0.0805,4,3,,,1,,
2143,SKT,KT,2017,1,1/12/2017,520,A13,Delta Smelt,15:25,15.2,9.9,104,0.04,,,,20,114,2.2217,Y,68,,4,3,1,,1,,
2145,SKT,KT,2017,1,1/13/2017,340,A15,Delta Smelt,9:11,3.7,9.8,549,0.25,,,,17,242,2.0578,Y,65,,4,2,,,1,,
2146,SKT,KT,2017,2,2/8/2017,719,A21,Delta Smelt,11:46,12.2,12.1,513,0.23,,,,41,73,2.0763,Y,66,,3,3,,,1,,
2147,SKT,KT,2017,2,2/8/2017,719,A22,Delta Smelt,11:46,12.2,12.1,513,0.23,,,,41,73,2.4799,Y,69,0.0232,4,3,,,1,,
2148,SKT,KT,2017,2,2/8/2017,719,A23,Delta Smelt,11:46,12.2,12.1,513,0.23,,,,41,73,2.2259,Y,68,,3,3,,,1,,
2149,SKT,KT,2017,2,2/9/2017,610,A24,Delta Smelt,8:31,4.6,12.3,311,0.14,,,,18,143,2.0343,Y,65,,3,2,,,1,,
2152,SKT,KT,2017,2,2/9/2017,609,A27,Delta Smelt,9:10,12.2,12.3,454,0.2,,,,19,120,2.9971,Y,70,0.0103,3,3,,,1,,
2153,SKT,KT,2017,3,3/7/2017,801,A28,Delta Smelt,11:41,7.9,12.3,179,0.08,,,,38,28,2.0627,Y,65,,4,2,,,1,,
2154,SKT,KT,2017,3,3/8/2017,706,A29,Delta Smelt,8:23,10.4,10.3,172,0.07,,,,23,55,1.95,Y,61,0.0273,3,2,,,1,,
2157,SKT,KT,2017,3,3/8/2017,715,A32,Delta Smelt,9:55,13.4,10.7,236,0.1,,,,22,63,3.0681,Y,74,,4,3,,,1,,
2161,SKT,KT,2017,4,4/5/2017,719,A36,Delta Smelt,10:43,10.7,17,710,0.33,,,,48,22,4.3314,Y,80,0.0026,2,2,,,1,,
2172,SKT,KT,2016,1,1/14/2016,606,7273,Delta Smelt,9:48,8.2,9.3,6340,3.44,,,,24,98,1.9278,Y,74,0.0282,4,2,,,1,,
2175,SKT,KT,2016,2,2/11/2016,610,7276,Delta Smelt,8:46,5.5,12,2514,1.27,,,,21,58,2.7394,Y,72,,4,3,,,1,,
2177,SKT,KT,2016,3,3/9/2016,719,7278,Delta Smelt,10:51,10.7,14.8,483,0.22,,,,30,53,2.436,Y,69,0.0071,3,2,,,1,,
2188,SKT,KT,2016,4,4/4/2016,719,7289,Delta Smelt,10:33,10.1,16.9,616,0.28,,,,37,,2.2569,Y,67,,4,2,,,1,,
2189,SKT,KT,2016,4,4/4/2016,719,7290,Delta Smelt,10:33,10.1,16.9,616,0.28,,,,37,,1.8596,Y,68,0.0069,3,3,,,1,,
2190,SKT,KT,2016,4,4/4/2016,719,7291,Delta Smelt,10:33,10.1,16.9,616,0.28,,,,37,,3.0267,Y,72,,3,3,,,1,,
2192,SKT,KT,2016,4,4/4/2016,719,7293,Delta Smelt,10:33,10.1,16.9,616,0.28,,,,37,,2.3577,Y,70,0.0074,3,2,,,1,,
2202,SKT,KT,2016,4,4/4/2016,719,7295,Delta Smelt,10:33,10.1,16.9,616,0.28,,,,37,,3.2368,Y,78,0.0179,3,3,,,1,,
2206,FMWT,MWT,2016,11,11/7/2016,703,7322,Delta Smelt,8:39,11.9,16.9,4804,2.55,,3105,1.6,66,11.7,1.7708,Y,63,,2,2,,,1,,
2208,FMWT,MWT,2016,11,11/7/2016,703,7324,Delta Smelt,8:39,11.9,16.9,4804,2.55,,3105,1.6,66,11.7,1.485,Y,62,,1,2,1,,,,
2217,FMWT,MWT,2015,10,10/19/2015,797,7260,Delta Smelt,10:08,11.6,20.1,502,0.23,,503,0.23,35,40.5,0.7891,Y,49,0.0022,3,3,,,1,,
2218,FMWT,MWT,2015,12,12/3/2015,606,7261,Delta Smelt,11:00,7.6,10.3,20645,12.32,,20890,12.48,50,15.6,3.1461,Y,73,0.0119,2,3,1,,,,
2241,SKT,KT,2016,12,12/8/2016,706,,Delta Smelt,8:25,7,9.5,244,0.1,,,,56,22,1.2817,Y,59.4,,2,2,1,,1,1,
2242,SKT,KT,2016,12,12/8/2016,706,,Delta Smelt,8:25,7,9.5,244,0.1,,,,56,22,1.5587,Y,62.3,0.0083,2,2,,,1,1,
2243,SKT,KT,2016,12,12/8/2016,706,,Delta Smelt,8:25,7,9.5,244,0.1,,,,56,22,1.4255,Y,58.8,0.0088,1,3,,,1,,
2245,SKT,KT,2016,12,12/8/2016,706,,Delta Smelt,8:25,7,9.5,244,0.1,,,,56,22,1.6626,Y,61.3,0.011,1,3,1,,1,1,
2246,SKT,KT,2016,12,12/8/2016,706,,Delta Smelt,8:25,7,9.5,244,0.1,,,,56,22,1.6695,Y,63.6,0.007,2,3,,,1,,
2247,SKT,KT,2016,12,12/8/2016,706,,Delta Smelt,8:25,7,9.5,244,0.1,,,,56,22,1.9934,Y,66.1,0.0085,3,3,,,1,,
2248,SKT,KT,2016,12,12/8/2016,706,,Delta Smelt,8:25,7,9.5,244,0.1,,,,56,22,1.2211,Y,65.5,0.009,2,3,,,1,,
2249,SKT,KT,2016,12,12/8/2016,706,,Delta Smelt,8:25,7,9.5,244,0.1,,,,56,22,1.0918,Y,54.9,0.0054,2,3,,,1,,
2250,SKT,KT,2016,12,12/8/2016,706,,Delta Smelt,8:25,7,9.5,244,0.1,,,,56,22,1.7103,N,63.2,,0,,1,,1,,
2251,SKT,KT,2016,12,12/8/2016,706,,Delta Smelt,8:25,7,9.5,244,0.1,,,,56,22,1.6399,Y,62.2,0.0075,3,2,,,1,,
2252,SKT,KT,2016,12,12/8/2016,706,,Delta Smelt,8:25,7,9.5,244,0.1,,,,56,22,1.6768,N,61.5,,0,,1,,1,,
2253,SKT,KT,2016,12,12/8/2016,706,,Delta Smelt,8:25,7,9.5,244,0.1,,,,56,22,0.9876,Y,53.6,,2,3,1,,,,
2258,SKT,KT,2016,12,12/8/2016,706,,Delta Smelt,8:25,7,9.5,244,0.1,,,,56,22,1.573,Y,62.1,0.0029,1,4,,,1,,
2264,SKT,KT,2016,12,12/12/2016,606,,Delta Smelt,11:43,7.9,11.1,12870,7.38,,,,37,41,1.7393,Y,61.5,,4,3,1,,,,
2307,SKT,KT,2018,1,1/10/2018,704,A43,Delta Smelt,7:51,11,10.2,776,0.36,,,,60,20,1.5961,Y,60,0.0084,3,3,,,1,1,
2308,SKT,KT,2017,12,12/13/2017,704,A43B,Delta Smelt,15:47,9.8,11,2117,1.06,,,,49,15,1.0602,Y,50,0.021,4,1,,,1,,
2309,SKT,KT,2018,1,1/10/2018,704,A44,Delta Smelt,7:51,11,10.2,776,0.36,,,,60,20,1.2368,Y,51,0.0049,1,2,,,1,,
2310,SKT,KT,2017,12,12/13/2017,704,A44B,Delta Smelt,15:47,9.8,11,2117,1.06,,,,49,15,1.817,Y,65,0.0133,3,2,,,1,,
2312,SKT,KT,2018,1,1/10/2018,704,A46,Delta Smelt,7:51,11,10.2,776,0.36,,,,60,20,1.6939,Y,62,0.0332,3,3,,,1,,
2315,SKT,KT,2018,1,1/10/2018,704,A49,Delta Smelt,7:51,11,10.2,776,0.36,,,,60,20,2.154,Y,60,0.0045,1,2,,,1,,
2317,SKT,KT,2018,1,1/11/2018,609,A51,Delta Smelt,8:39,10.1,10.4,6680,3.64,,,,61,23,1.6782,Y,62,0.0238,3,1,,,,1,
2319,SKT,KT,2018,2,2/8/2018,610,A54,Delta Smelt,8:28,6.1,12.7,2374,1.2,,,,43,24,3.5296,Y,77,0.01,1,2,,,,1,
2470,SKT,KT,2019,2,2/20/2019,508,A216,Delta Smelt,12:30,12.5,9.1,140,0.06,,,,24,138,2.77,Y,69,0.057,4,2,,,,1,
2473,SKT,KT,2018,12,12/12/2018,704,A61,Delta Smelt,7:49,7.9,11.1,3784,1.97,,,,43,26,1.9042,Y,64,0.0105,2,2,,,,1,
2475,SKT,KT,2018,12,12/11/2018,606,A58,Delta Smelt,13:23,7.3,12,7210,3.95,,,,49,25,1.7273,Y,62,,,3,,,1,,
